busco_id	helixer_status	helixer_sequence_ids	helixer_scores	helixer_lengths
10004at93133	Complete	_CM001196.1_002208.1	583.7	284
10100at93133	Complete	_CM001205.1_000478.1	514.3	257
10112at93133	Complete	_CM001196.1_000826.1	537.7	253
10123at93133	Complete	_CM001196.1_001855.1	313.6	141
10142at93133	Complete	_CM001199.1_000788.1	823.7	378
10219at93133	Complete	_CM001198.1_001017.1	1103.9	545
1022at93133	Complete	_CM001201.1_000839.1	448.3	226
1023at93133	Complete	_CM001197.1_001202.1	1152.5	531
10257at93133	Complete	_CM001196.1_002250.1	1502.6	726
10270at93133	Complete	_CM001200.1_000617.1	524.9	265
10276at93133	Complete	_CM001196.1_001968.1	566.2	276
10280at93133	Complete	_CM001199.1_000766.1	1196.2	647
10282at93133	Complete	_CM001197.1_001017.1	718.9	365
10290at93133	Complete	_CM001196.1_001235.1	609.8	318
10291at93133	Complete	_CM001196.1_001697.1	470.6	242
10292at93133	Complete	_CM001201.1_000425.1	1659.2	823
10320at93133	Complete	_CM001197.1_001148.1	595.2	266
10328at93133	Complete	_CM001203.1_000570.1	3340.0	1532
1033at93133	Complete	_CM001196.1_002066.1	590.2	282
10383at93133	Complete	_CM001197.1_000983.1	614.7	311
10387at93133	Complete	_CM001198.1_001292.1	745.8	429
10454at93133	Complete	_CM001204.1_000716.1	1003.5	468
1046at93133	Complete	_CM001205.1_000475.1	356.2	162
10472at93133	Complete	_CM001196.1_001066.1	422.6	216
10509at93133	Complete	_CM001197.1_000876.1	438.1	223
10522at93133	Complete	_CM001196.1_000796.1	361.0	183
10533at93133	Complete	_CM001200.1_000889.1	595.7	305
10535at93133	Complete	_CM001197.1_001160.1	1453.4	709
10576at93133	Complete	_CM001198.1_000597.1	973.2	501
10604at93133	Complete	_CM001204.1_000556.1	890.4	442
10664at93133	Complete	_CM001196.1_001703.1	655.3	292
10699at93133	Complete	_CM001200.1_000762.1	1221.6	661
1071at93133	Complete	_CM001200.1_000237.1	193.1	90
1074at93133	Complete	_CM001206.1_000500.1	691.3	334
10780at93133	Complete	_CM001201.1_000472.1	1494.9	768
10792at93133	Complete	_CM001208.1_000402.1	732.0	397
107at93133	Complete	_CM001201.1_000495.1	720.5	315
10815at93133	Complete	_CM001207.1_000423.1	711.2	325
10819at93133	Complete	_CM001197.1_001022.1	263.9	127
1081at93133	Complete	_CM001196.1_000325.1	715.5	336
10839at93133	Complete	_CM001205.1_000460.1	528.6	287
10848at93133	Complete	_CM001197.1_001067.1	552.3	319
10855at93133	Complete	_CM001196.1_001845.1	614.1	298
10879at93133	Complete	_CM001202.1_000783.1	1532.7	704
1089at93133	Complete	_CM001198.1_001030.1	456.9	247
10902at93133	Complete	_CM001204.1_000285.1	374.5	288
10906at93133	Complete	_CM001197.1_000749.1	706.8	324
10917at93133	Complete	_CM001197.1_000544.1	385.3	185
10929at93133	Complete	_CM001198.1_001126.1	961.5	467
10931at93133	Complete	_CM001196.1_001091.1	578.9	362
10957at93133	Complete	_CM001204.1_000706.1	456.3	210
10959at93133	Complete	_CM001203.1_000843.1	792.0	447
11006at93133	Complete	_CM001199.1_000799.1	905.7	404
11007at93133	Complete	_CM001196.1_001608.1	1079.3	518
11033at93133	Complete	_CM001200.1_000549.1	930.6	455
1103at93133	Complete	_CM001197.1_001151.1	405.5	181
11061at93133	Complete	_CM001197.1_000081.1	320.6	185
11124at93133	Complete	_CM001204.1_000703.1	920.0	422
11163at93133	Complete	_CM001203.1_000654.1	1401.5	698
11167at93133	Complete	_CM001196.1_000045.1	589.8	334
11173at93133	Complete	_CM001202.1_000996.1	1110.2	560
11235at93133	Complete	_CM001197.1_000996.1	303.0	152
11259at93133	Complete	_CM001205.1_000454.1	999.3	489
11321at93133	Complete	_CM001208.1_000417.1	552.8	350
11322at93133	Complete	_CM001199.1_000829.1	879.6	510
11425at93133	Complete	_CM001204.1_000712.1	848.9	458
11428at93133	Complete	_CM001203.1_000720.1	547.6	260
11459at93133	Complete	_CM001202.1_000869.1	517.5	269
1145at93133	Complete	_CM001198.1_000802.1	1234.5	558
11479at93133	Complete	_CM001197.1_000741.1	601.4	332
11485at93133	Complete	_CM001204.1_000463.1	1574.9	960
11518at93133	Complete	_CM001204.1_000487.1	1340.1	695
11522at93133	Complete	_CM001199.1_000813.1	636.4	367
11541at93133	Complete	_CM001196.1_001765.1	560.6	294
11546at93133	Complete	_CM001201.1_000757.1	504.4	311
11584at93133	Complete	_CM001199.1_000855.1	1367.6	630
11586at93133	Complete	_CM001197.1_001372.1	739.4	577
11632at93133	Complete	_CM001196.1_000827.1	1365.5	749
11660at93133	Complete	_CM001196.1_001265.1	681.1	305
11663at93133	Complete	_CM001196.1_000939.1	592.6	336
11678at93133	Complete	_CM001196.1_002060.1	1030.9	493
11715at93133	Complete	_CM001196.1_001910.1	483.2	253
11728at93133	Complete	_CM001196.1_001369.1	931.1	551
11735at93133	Complete	_CM001199.1_000684.1	477.1	234
11743at93133	Complete	_CM001199.1_000888.1	410.3	273
11752at93133	Complete	_CM001199.1_000737.1	625.8	299
11753at93133	Complete	_CM001203.1_000446.1	1019.3	564
11758at93133	Complete	_CM001201.1_000498.1	452.9	256
11767at93133	Complete	_CM001198.1_001111.1	293.1	164
11773at93133	Complete	_CM001205.1_000434.1	834.9	439
117at93133	Complete	_CM001197.1_001181.1	162.9	74
11824at93133	Complete	_CM001198.1_000841.1	491.0	276
11837at93133	Complete	_CM001204.1_000394.1	724.2	366
1184at93133	Complete	_CM001197.1_001234.1	533.3	298
1185at93133	Complete	_CM001202.1_000787.1	183.9	87
11860at93133	Complete	_CM001201.1_000234.1	511.5	350
11888at93133	Complete	_CM001196.1_001601.1	518.2	312
11907at93133	Complete	_CM001196.1_002188.1	771.8	401
1194at93133	Complete	_CM001201.1_000686.1	2660.0	1201
12008at93133	Complete	_CM001199.1_000802.1	308.8	209
12041at93133	Complete	_CM001207.1_000038.1	982.7	499
12059at93133	Complete	_CM001201.1_000725.1	201.2	89
12085at93133	Complete	_CM001199.1_000068.1	395.9	200
12102at93133	Complete	_CM001197.1_001140.1	916.3	516
12114at93133	Complete	_CM001196.1_002184.1	745.3	407
12122at93133	Complete	_CM001196.1_001674.1	473.6	273
12133at93133	Complete	_CM001196.1_002092.1	582.3	357
12135at93133	Complete	_CM001196.1_002103.1	486.5	226
12204at93133	Complete	_CM001206.1_000326.1	2031.8	989
12214at93133	Complete	_CM001196.1_001148.1	548.6	360
12220at93133	Complete	_CM001196.1_000881.1	1135.1	593
12225at93133	Complete	_CM001196.1_001112.1	1608.6	866
12229at93133	Complete	_CM001198.1_000792.1	673.1	448
12246at93133	Complete	_CM001198.1_000806.1	586.4	268
12256at93133	Complete	_CM001198.1_001228.1	365.0	206
12270at93133	Complete	_CM001206.1_000302.1	377.4	223
12317at93133	Complete	_CM001202.1_000299.1	867.1	457
12345at93133	Complete	_CM001196.1_002300.1	1011.0	579
12350at93133	Complete	_CM001197.1_001341.1	561.0	305
12351at93133	Complete	_CM001205.1_000370.1	648.3	305
12368at93133	Complete	_CM001205.1_000132.1	519.7	321
12411at93133	Complete	_CM001196.1_001958.1	686.0	311
12432at93133	Complete	_CM001204.1_000452.1	923.3	455
1243at93133	Complete	_CM001197.1_000486.1	202.7	106
12454at93133	Complete	_CM001207.1_000479.1	374.5	213
12469at93133	Complete	_CM001197.1_000910.1	874.5	430
1248at93133	Complete	_CM001196.1_001084.1	425.6	218
12522at93133	Complete	_CM001205.1_000373.1	777.0	371
12532at93133	Complete	_CM001196.1_000015.1	391.8	208
12533at93133	Complete	_CM001208.1_000343.1	1178.0	697
12539at93133	Complete	_CM001197.1_001182.1	367.8	188
12591at93133	Complete	_CM001199.1_000939.1	411.1	249
12603at93133	Complete	_CM001196.1_000977.1	1538.2	819
12613at93133	Complete	_CM001196.1_001614.1	490.9	226
12628at93133	Complete	_CM001197.1_001127.1	200.4	101
12643at93133	Complete	_CM001200.1_000904.1	690.9	339
12659at93133	Complete	_CM001196.1_002239.1	170.4	113
126at93133	Complete	_CM001199.1_000607.1	954.2	435
12716at93133	Complete	_CM001197.1_000566.1	790.9	399
12782at93133	Complete	_CM001200.1_000792.1	1813.8	848
12785at93133	Complete	_CM001205.1_000417.1	437.9	244
12796at93133	Complete	_CM001201.1_000665.1	431.0	235
12799at93133	Complete	_CM001200.1_000263.1	442.1	217
12822at93133	Complete	_CM001197.1_000314.1	955.5	475
12824at93133	Complete	_CM001198.1_001175.1	726.9	351
12844at93133	Complete	_CM001196.1_002095.1	270.8	135
12849at93133	Complete	_CM001201.1_000668.1	665.2	378
12877at93133	Complete	_CM001200.1_000785.1	350.7	182
12908at93133	Complete	_CM001208.1_000276.1	422.0	192
12961at93133	Complete	_CM001199.1_000900.1	334.7	189
12972at93133	Complete	_CM001197.1_000756.1	521.7	258
12979at93133	Complete	_CM001202.1_000795.1	1109.0	537
12993at93133	Complete	_CM001199.1_000937.1	263.2	125
12at93133	Complete	_CM001198.1_001185.1	253.6	108
13007at93133	Complete	_CM001196.1_001258.1	2080.8	1200
13042at93133	Complete	_CM001202.1_000289.1	947.3	442
13081at93133	Complete	_CM001201.1_000709.1	1086.4	504
13086at93133	Complete	_CM001196.1_000714.1	1151.0	624
13100at93133	Complete	_CM001198.1_000152.1	488.3	265
13107at93133	Complete	_CM001198.1_000984.1	358.7	206
13129at93133	Complete	_CM001200.1_000607.1	1438.3	1022
13201at93133	Complete	_CM001204.1_000181.1	978.6	488
13229at93133	Complete	_CM001206.1_000371.1	584.0	344
13231at93133	Complete	_CM001202.1_000116.1	163.0	72
13329at93133	Complete	_CM001204.1_000630.1	366.5	182
13363at93133	Complete	_CM001196.1_002021.1	988.2	514
13406at93133	Complete	_CM001196.1_002246.1	598.2	264
13415at93133	Complete	_CM001208.1_000135.1	725.5	424
13430at93133	Complete	_CM001196.1_001702.1	581.8	294
1346at93133	Complete	_CM001204.1_000652.1	514.3	241
13473at93133	Complete	_CM001204.1_000557.1	858.9	477
13519at93133	Complete	_CM001201.1_000422.1	1039.0	581
13523at93133	Complete	_CM001198.1_001116.1	638.3	334
1352at93133	Complete	_CM001200.1_000615.1	478.7	226
13540at93133	Complete	_CM001196.1_002122.1	339.3	187
13587at93133	Complete	_CM001202.1_001057.1	159.9	82
13597at93133	Complete	_CM001196.1_002037.1	293.3	143
13602at93133	Complete	_CM001200.1_000789.1	1289.0	695
13611at93133	Complete	_CM001196.1_002228.1	1453.3	730
13637at93133	Complete	_CM001196.1_001888.1	413.9	231
13653at93133	Complete	_CM001201.1_000628.1	1400.3	674
13656at93133	Complete	_CM001206.1_000596.1	1469.5	769
13659at93133	Complete	_CM001196.1_001499.1	580.8	297
13680at93133	Complete	_CM001203.1_000652.1	350.6	195
13688at93133	Complete	_CM001196.1_001250.1	901.9	615
13702at93133	Complete	_CM001206.1_000416.1	211.3	99
13725at93133	Complete	_CM001205.1_000627.1	604.9	337
13726at93133	Complete	_CM001198.1_001165.1	638.2	321
13746at93133	Complete	_CM001199.1_001040.1	323.3	199
13793at93133	Complete	_CM001196.1_001315.1	379.6	199
13805at93133	Complete	_CM001204.1_000513.1	262.7	124
13840at93133	Complete	_CM001201.1_000809.1	407.0	212
13851at93133	Complete	_CM001197.1_000368.1	470.8	263
13871at93133	Complete	_CM001199.1_000156.1	1076.6	608
13891at93133	Complete	_CM001204.1_000406.1	650.5	369
13915at93133	Complete	_CM001206.1_000610.1	1547.3	811
1393at93133	Complete	_CM001196.1_001428.1	419.5	182
13957at93133	Complete	_CM001207.1_000164.1	1539.2	871
13960at93133	Complete	_CM001204.1_000040.1	380.4	269
14014at93133	Complete	_CM001199.1_000757.1	618.5	310
14038at93133	Fragmented	_CM001202.1_000764.1	594.3	331
14045at93133	Complete	_CM001200.1_000191.1	1260.3	647
14065at93133	Complete	_CM001204.1_000611.1	606.6	341
14067at93133	Complete	_CM001203.1_000015.1	448.3	305
14077at93133	Complete	_CM001197.1_000012.1	1001.5	498
14083at93133	Complete	_CM001203.1_000848.1	884.1	426
14084at93133	Complete	_CM001198.1_000312.1	764.7	392
14087at93133	Complete	_CM001196.1_001769.1	537.8	270
14096at93133	Complete	_CM001196.1_002243.1	804.7	398
14098at93133	Complete	_CM001199.1_000769.1	1902.3	999
14100at93133	Complete	_CM001204.1_000728.1	1116.9	531
14101at93133	Complete	_CM001203.1_000557.1	885.0	463
14120at93133	Complete	_CM001197.1_000727.1	2005.1	1020
1412at93133	Complete	_CM001196.1_002394.1	1037.3	507
14167at93133	Complete	_CM001198.1_001035.1	1190.3	607
14210at93133	Complete	_CM001202.1_001052.1	1200.9	596
14223at93133	Complete	_CM001196.1_002314.1	765.0	399
14237at93133	Complete	_CM001196.1_001318.1	445.8	215
14312at93133	Complete	_CM001199.1_000789.1	420.6	212
14315at93133	Complete	_CM001196.1_001827.1	391.6	219
14337at93133	Complete	_CM001201.1_000454.1	1229.9	654
1434at93133	Complete	_CM001207.1_000029.1	910.5	438
14368at93133	Complete	_CM001207.1_000307.1	279.9	151
14377at93133	Complete	_CM001201.1_000717.1	427.6	232
14404at93133	Complete	_CM001203.1_000768.1	327.1	189
14405at93133	Complete	_CM001205.1_000548.1	1074.0	520
14408at93133	Complete	_CM001198.1_000712.1	756.9	468
14415at93133	Complete	_CM001206.1_000395.1	1387.2	731
14455at93133	Complete	_CM001205.1_000635.1	275.8	165
14475at93133	Complete	_CM001196.1_001597.1	1603.1	1269
14477at93133	Complete	_CM001202.1_000760.1	482.6	249
14478at93133	Complete	_CM001200.1_000558.1	701.3	344
14501at93133	Complete	_CM001196.1_001823.1	1405.5	643
14510at93133	Complete	_CM001200.1_000671.1	407.9	195
14512at93133	Complete	_CM001202.1_001085.1	169.8	112
1452at93133	Complete	_CM001203.1_000323.1	409.0	197
14550at93133	Complete	_CM001199.1_000733.1	623.5	282
14559at93133	Complete	_CM001197.1_001175.1	1365.5	706
14624at93133	Complete	_CM001197.1_000980.1	479.6	276
1468at93133	Complete	_CM001203.1_000574.1	241.9	130
14748at93133	Complete	_CM001201.1_000465.1	1154.8	609
14786at93133	Complete	_CM001202.1_000297.1	2496.3	1181
14795at93133	Complete	_CM001198.1_000762.1	820.8	510
1488at93133	Complete	_CM001202.1_000729.1	785.2	362
14892at93133	Complete	_CM001196.1_000175.1	424.8	237
14903at93133	Complete	_CM001205.1_000032.1	552.0	365
14911at93133	Complete	_CM001198.1_000477.1	946.1	667
14923at93133	Complete	_CM001196.1_001973.1	529.3	273
14924at93133	Complete	_CM001198.1_000751.1	849.3	498
14932at93133	Complete	_CM001206.1_000533.1	300.8	184
14934at93133	Complete	_CM001198.1_001132.1	438.1	393
14940at93133	Complete	_CM001208.1_000407.1	921.5	503
14951at93133	Complete	_CM001200.1_000032.1	570.2	563
14971at93133	Complete	_CM001198.1_000163.1	1126.6	550
14972at93133	Complete	_CM001196.1_001266.1	561.3	339
14975at93133	Complete	_CM001207.1_000446.1	1398.1	785
14980at93133	Complete	_CM001202.1_000769.1	570.6	279
14999at93133	Complete	_CM001200.1_000817.1	577.7	330
15004at93133	Complete	_CM001199.1_000214.1	853.6	506
15009at93133	Complete	_CM001206.1_000453.1	435.9	328
1501at93133	Complete	_CM001196.1_001509.1	870.2	394
15035at93133	Complete	_CM001197.1_000971.1	641.7	316
1503at93133	Complete	_CM001204.1_000602.1	414.0	195
15041at93133	Complete	_CM001203.1_000452.1	745.1	377
15048at93133	Complete	_CM001205.1_000448.1	893.5	451
15066at93133	Complete	_CM001196.1_001438.1	924.0	473
15074at93133	Complete	_CM001196.1_001782.1	189.9	99
15078at93133	Complete	_CM001201.1_000591.1	1329.8	648
15101at93133	Complete	_CM001197.1_000471.1	1191.3	638
15119at93133	Complete	_CM001200.1_000951.1	2093.3	1179
1512at93133	Complete	_CM001203.1_000734.1	706.5	339
15131at93133	Complete	_CM001202.1_000806.1	1160.0	523
15175at93133	Complete	_CM001204.1_000345.1	522.4	288
1517at93133	Complete	_CM001200.1_000936.1	1295.2	553
15180at93133	Complete	_CM001198.1_000821.1	742.0	363
15184at93133	Complete	_CM001201.1_000242.1	752.3	450
1518at93133	Complete	_CM001205.1_000552.1	2057.4	883
15210at93133	Complete	_CM001196.1_001955.1	296.7	148
15217at93133	Complete	_CM001206.1_000586.1	666.4	316
15270at93133	Complete	_CM001198.1_000868.1	556.0	423
15272at93133	Complete	_CM001204.1_000586.1	307.4	236
15280at93133	Complete	_CM001203.1_000128.1	507.5	279
15306at93133	Complete	_CM001203.1_000813.1	317.6	186
15326at93133	Complete	_CM001199.1_000641.1	159.3	73
15362at93133	Complete	_CM001196.1_001768.1	604.5	365
15389at93133	Complete	_CM001204.1_000453.1	548.0	280
15422at93133	Complete	_CM001196.1_001774.1	1090.2	506
15424at93133	Complete	_CM001201.1_000407.1	1107.6	595
15441at93133	Complete	_CM001196.1_001815.1	2708.4	1398
15463at93133	Complete	_CM001203.1_000643.1	956.4	596
15474at93133	Complete	_CM001207.1_000387.1	709.3	390
15485at93133	Complete	_CM001196.1_001972.1	624.4	283
15492at93133	Complete	_CM001197.1_001353.1	865.8	437
154at93133	Complete	_CM001202.1_000881.1	759.8	361
15512at93133	Complete	_CM001199.1_000776.1	735.7	417
15525at93133	Complete	_CM001204.1_000029.1	468.7	248
15527at93133	Complete	_CM001202.1_000973.1	211.4	102
15546at93133	Complete	_CM001202.1_000886.1	536.8	285
15550at93133	Complete	_CM001200.1_000764.1	506.9	262
15568at93133	Complete	_CM001203.1_000809.1	1737.0	831
15575at93133	Complete	_CM001199.1_000729.1	1331.4	669
1560at93133	Complete	_CM001196.1_001858.1	1385.1	672
15635at93133	Complete	_CM001202.1_000015.1	410.8	215
15657at93133	Complete	_CM001207.1_000416.1	807.8	412
15660at93133	Complete	_CM001198.1_000765.1	1291.1	684
15723at93133	Complete	_CM001201.1_000297.1	774.9	479
15764at93133	Complete	_CM001199.1_000872.1	278.1	134
15793at93133	Complete	_CM001206.1_000618.1	1654.2	810
15832at93133	Complete	_CM001197.1_000972.1	1272.8	856
15865at93133	Complete	_CM001196.1_002111.1	1442.5	728
1589at93133	Complete	_CM001196.1_001945.1	830.9	400
15902at93133	Complete	_CM001200.1_000164.1	800.2	422
15903at93133	Complete	_CM001208.1_000368.1	496.9	251
15912at93133	Complete	_CM001196.1_002240.1	1275.0	815
15918at93133	Complete	_CM001200.1_000569.1	259.5	137
15930at93133	Complete	_CM001205.1_000452.1	1758.4	863
15934at93133	Complete	_CM001202.1_000999.1	775.8	469
15959at93133	Complete	_CM001196.1_002150.1	2031.4	934
15968at93133	Complete	_CM001198.1_000858.1	1256.5	856
15977at93133	Complete	_CM001204.1_000392.1	543.7	263
15999at93133	Complete	_CM001196.1_002408.1	1814.2	1266
159at93133	Complete	_CM001208.1_000309.1	251.0	127
16034at93133	Complete	_CM001206.1_000499.1	442.2	287
16076at93133	Complete	_CM001197.1_001366.1	1039.4	534
1608at93133	Complete	_CM001207.1_000469.1	266.4	126
16094at93133	Complete	_CM001196.1_002199.1	2802.1	1453
160at93133	Complete	_CM001196.1_001954.1	737.8	304
16101at93133	Complete	_CM001196.1_001620.1	470.2	228
16138at93133	Complete	_CM001199.1_000618.1	2512.1	1180
16149at93133	Complete	_CM001196.1_001773.1	403.6	305
16154at93133	Complete	_CM001207.1_000541.1	621.8	335
1617at93133	Complete	_CM001203.1_000485.1	429.0	188
16224at93133	Complete	_CM001204.1_000561.1	588.3	285
16228at93133	Complete	_CM001196.1_001757.1	1218.1	600
16247at93133	Complete	_CM001203.1_000687.1	1075.0	495
1624at93133	Complete	_CM001207.1_000350.1	131.3	66
16256at93133	Complete	_CM001196.1_001539.1	1740.9	886
16262at93133	Complete	_CM001200.1_000809.1	1050.2	533
16281at93133	Complete	_CM001201.1_000492.1	711.1	369
16284at93133	Complete	_CM001208.1_000253.1	246.2	113
16288at93133	Complete	_CM001208.1_000227.1	606.0	296
16294at93133	Complete	_CM001206.1_000427.1	661.6	381
16310at93133	Complete	_CM001196.1_002052.1	543.4	307
16321at93133	Complete	_CM001207.1_000361.1	1091.3	537
16322at93133	Complete	_CM001201.1_000670.1	678.9	417
1637at93133	Complete	_CM001199.1_000947.1	210.2	98
16399at93133	Complete	_CM001204.1_000534.1	2082.8	961
16405at93133	Complete	_CM001196.1_001564.1	613.1	438
16407at93133	Complete	_CM001208.1_000355.1	664.7	373
16420at93133	Complete	_CM001197.1_000916.1	3436.6	1695
16473at93133	Complete	_CM001206.1_000466.1	642.1	334
16496at93133	Complete	_CM001197.1_001389.1	802.4	404
1649at93133	Complete	_CM001196.1_001453.1	756.9	357
16508at93133	Complete	_CM001197.1_000666.1	879.5	494
16533at93133	Complete	_CM001196.1_002414.1	1292.1	647
16535at93133	Complete	_CM001199.1_000738.1	480.3	270
16551at93133	Complete	_CM001197.1_000833.1	458.9	233
16560at93133	Complete	_CM001196.1_001991.1	725.2	465
16579at93133	Complete	_CM001198.1_001190.1	1849.8	974
16593at93133	Complete	_CM001196.1_001361.1	647.5	300
165at93133	Complete	_CM001202.1_000227.1	768.8	353
16659at93133	Complete	_CM001198.1_000929.1	989.7	501
16663at93133	Complete	_CM001198.1_000626.1	704.0	444
16671at93133	Complete	_CM001196.1_000917.1	3758.1	1925
16679at93133	Complete	_CM001199.1_000909.1	269.1	127
16682at93133	Complete	_CM001199.1_000962.1	2034.1	1192
16698at93133	Complete	_CM001199.1_000724.1	1064.5	540
16700at93133	Complete	_CM001199.1_000822.1	655.6	360
16721at93133	Complete	_CM001198.1_000578.1	826.9	411
16727at93133	Complete	_CM001200.1_000969.1	610.0	271
16735at93133	Complete	_CM001196.1_002200.1	1542.2	936
1675at93133	Complete	_CM001200.1_000985.1	971.2	480
16776at93133	Complete	_CM001200.1_000678.1	609.1	293
16786at93133	Complete	_CM001207.1_000285.1	486.6	283
16799at93133	Complete	_CM001207.1_000503.1	198.3	131
16812at93133	Complete	_CM001207.1_000540.1	355.7	222
16829at93133	Complete	_CM001196.1_000008.1	645.7	368
16905at93133	Complete	_CM001197.1_000959.1	532.7	287
16911at93133	Complete	_CM001204.1_000479.1	409.2	199
16947at93133	Complete	_CM001197.1_001336.1	335.1	165
1696at93133	Complete	_CM001196.1_000868.1	466.9	227
16979at93133	Complete	_CM001196.1_001330.1	658.6	315
1697at93133	Complete	_CM001196.1_001877.1	446.0	200
1700at93133	Complete	_CM001198.1_001063.1	1275.9	624
1701at93133	Complete	_CM001202.1_000117.1	539.6	242
17033at93133	Complete	_CM001196.1_001439.1	1471.2	816
17039at93133	Complete	_CM001198.1_001065.1	1498.0	848
17054at93133	Complete	_CM001197.1_000950.1	2155.2	1142
17072at93133	Complete	_CM001203.1_000648.1	1009.2	533
17085at93133	Complete	_CM001196.1_001549.1	168.5	84
17086at93133	Complete	_CM001204.1_000424.1	997.4	449
17087at93133	Complete	_CM001196.1_001840.1	454.7	278
17097at93133	Complete	_CM001196.1_001292.1	776.2	391
17111at93133	Complete	_CM001199.1_000221.1	856.8	474
17114at93133	Complete	_CM001204.1_000476.1	1378.2	681
17147at93133	Complete	_CM001201.1_000527.1	566.6	302
17148at93133	Complete	_CM001197.1_000942.1	313.7	168
17149at93133	Complete	_CM001201.1_000702.1	1014.0	527
17158at93133	Complete	_CM001205.1_000253.1	613.8	326
1715at93133	Complete	_CM001204.1_000627.1	393.7	201
17164at93133	Complete	_CM001202.1_000109.1	857.7	485
17174at93133	Complete	_CM001201.1_000156.1	783.1	507
17204at93133	Complete	_CM001197.1_001357.1	1223.7	643
17209at93133	Complete	_CM001200.1_000103.1	840.9	727
17221at93133	Complete	_CM001198.1_001299.1	625.1	314
1724at93133	Complete	_CM001203.1_000810.1	656.4	313
17320at93133	Complete	_CM001199.1_000271.1	614.5	400
17322at93133	Complete	_CM001197.1_000944.1	364.1	327
17345at93133	Complete	_CM001196.1_002053.1	544.1	357
17352at93133	Complete	_CM001203.1_000476.1	2017.6	1165
17361at93133	Complete	_CM001200.1_000829.1	564.8	318
17399at93133	Complete	_CM001200.1_000229.1	3177.9	1598
17411at93133	Complete	_CM001196.1_002336.1	395.2	190
17416at93133	Complete	_CM001196.1_000914.1	711.8	367
17427at93133	Complete	_CM001197.1_001391.1	2460.4	1283
17429at93133	Complete	_CM001202.1_000211.1	546.9	317
17446at93133	Complete	_CM001203.1_000302.1	494.3	256
17486at93133	Complete	_CM001208.1_000409.1	211.9	107
174at93133	Complete	_CM001206.1_000275.1	224.9	128
17521at93133	Complete	_CM001196.1_001261.1	901.5	825
17537at93133	Complete	_CM001203.1_000403.1	945.5	539
17562at93133	Complete	_CM001199.1_000328.1	1110.5	588
17567at93133	Complete	_CM001204.1_000644.1	1700.8	921
17605at93133	Complete	_CM001205.1_000652.1	305.8	170
17616at93133	Complete	_CM001199.1_000705.1	353.1	211
17622at93133	Complete	_CM001207.1_000379.1	995.9	478
17645at93133	Complete	_CM001196.1_002181.1	1110.1	522
17647at93133	Complete	_CM001201.1_000817.1	1199.2	622
17649at93133	Complete	_CM001205.1_000571.1	962.4	547
17660at93133	Complete	_CM001198.1_000535.1	390.7	243
17666at93133	Complete	_CM001201.1_000680.1	544.8	302
17670at93133	Complete	_CM001206.1_000173.1	540.1	251
17713at93133	Complete	_CM001197.1_001021.1	458.6	223
17739at93133	Complete	_CM001199.1_000980.1	336.4	222
17743at93133	Complete	_CM001199.1_000053.1	892.6	474
17761at93133	Complete	_CM001196.1_001001.1	634.2	365
17762at93133	Complete	_CM001196.1_000925.1	578.1	311
17793at93133	Complete	_CM001199.1_000864.1	793.8	535
17834at93133	Complete	_CM001206.1_000476.1	478.2	266
17847at93133	Complete	_CM001203.1_000827.1	883.9	607
17865at93133	Complete	_CM001203.1_000667.1	228.2	133
17867at93133	Complete	_CM001201.1_000785.1	586.0	343
17915at93133	Complete	_CM001196.1_000771.1	468.9	279
17923at93133	Complete	_CM001197.1_001236.1	668.6	312
17940at93133	Complete	_CM001197.1_001018.1	598.0	294
1795at93133	Complete	_CM001200.1_001001.1	1263.5	581
18000at93133	Complete	_CM001198.1_000696.1	435.9	219
18021at93133	Complete	_CM001203.1_000185.1	834.0	493
18043at93133	Complete	_CM001203.1_000646.1	888.4	540
18126at93133	Complete	_CM001200.1_000890.1	219.5	135
18134at93133	Complete	_CM001200.1_000610.1	370.5	203
18145at93133	Complete	_CM001208.1_000350.1	1199.5	557
18203at93133	Complete	_CM001196.1_002173.1	1020.1	597
18212at93133	Complete	_CM001197.1_001285.1	299.5	185
18213at93133	Complete	_CM001196.1_001281.1	400.3	206
18230at93133	Complete	_CM001197.1_000707.1	1018.7	554
1823at93133	Complete	_CM001205.1_000048.1	524.3	281
18247at93133	Complete	_CM001196.1_001908.1	214.8	114
18353at93133	Complete	_CM001199.1_000725.1	1364.8	695
18354at93133	Complete	_CM001200.1_000661.1	556.0	262
18357at93133	Complete	_CM001197.1_000260.1	618.4	340
18361at93133	Complete	_CM001201.1_000696.1	741.7	370
18365at93133	Complete	_CM001198.1_001201.1	1221.9	584
18387at93133	Complete	_CM001201.1_000853.1	1314.2	687
1842at93133	Complete	_CM001196.1_001346.1	232.1	101
18476at93133	Complete	_CM001198.1_000915.1	1184.9	613
18505at93133	Complete	_CM001200.1_000810.1	1120.9	548
18509at93133	Complete	_CM001201.1_000192.1	561.5	307
1850at93133	Complete	_CM001198.1_001021.1	790.5	349
18526at93133	Complete	_CM001196.1_002165.1	533.6	286
18572at93133	Complete	_CM001199.1_000907.1	1363.4	802
1857at93133	Complete	_CM001201.1_000693.1	1506.0	684
18581at93133	Complete	_CM001203.1_000535.1	3425.0	2142
18589at93133	Complete	_CM001208.1_000431.1	512.6	284
18614at93133	Complete	_CM001203.1_000849.1	481.0	272
18639at93133	Complete	_CM001196.1_001898.1	1799.4	951
18702at93133	Complete	_CM001201.1_000626.1	682.6	468
18717at93133	Complete	_CM001200.1_000822.1	867.2	440
18764at93133	Complete	_CM001198.1_000840.1	2130.5	1330
18831at93133	Complete	_CM001204.1_000302.1	376.0	207
18850at93133	Complete	_CM001196.1_001924.1	935.5	458
18935at93133	Complete	_CM001206.1_000448.1	488.3	247
18976at93133	Complete	_CM001207.1_000507.1	429.4	215
18989at93133	Complete	_CM001199.1_000155.1	345.3	212
1899at93133	Complete	_CM001199.1_001011.1	185.8	107
19000at93133	Complete	_CM001203.1_000832.1	512.5	290
19006at93133	Complete	_CM001198.1_001300.1	558.6	434
19015at93133	Complete	_CM001200.1_001005.1	519.3	292
19024at93133	Complete	_CM001201.1_000061.1	1074.6	759
1910at93133	Complete	_CM001200.1_000518.1	852.8	434
19136at93133	Complete	_CM001197.1_000525.1	1230.6	621
19144at93133	Complete	_CM001196.1_001639.1	427.7	209
19174at93133	Complete	_CM001196.1_001448.1	1329.0	750
19221at93133	Complete	_CM001198.1_000463.1	858.5	464
19226at93133	Complete	_CM001204.1_000444.1	805.1	415
19236at93133	Complete	_CM001201.1_000401.1	687.5	382
19253at93133	Complete	_CM001197.1_000892.1	460.5	277
19285at93133	Complete	_CM001198.1_001286.1	164.6	98
19291at93133	Complete	_CM001199.1_000665.1	712.0	402
19339at93133	Complete	_CM001199.1_000861.1	1572.3	1043
1933at93133	Complete	_CM001201.1_000490.1	620.9	326
19340at93133	Complete	_CM001203.1_000645.1	668.0	424
19368at93133	Complete	_CM001196.1_001930.1	781.5	378
19377at93133	Complete	_CM001203.1_000179.1	401.6	186
193at93133	Complete	_CM001197.1_000381.1	290.2	153
19411at93133	Complete	_CM001196.1_000662.1	781.4	493
19421at93133	Complete	_CM001204.1_000422.1	2988.5	1632
19474at93133	Complete	_CM001197.1_000905.1	367.5	273
19490at93133	Complete	_CM001196.1_001730.1	174.5	108
19529at93133	Complete	_CM001197.1_001121.1	621.2	332
19550at93133	Complete	_CM001196.1_002086.1	519.5	277
19551at93133	Complete	_CM001196.1_000946.1	430.1	277
19570at93133	Complete	_CM001196.1_001590.1	327.7	143
19572at93133	Complete	_CM001201.1_000843.1	670.8	500
19579at93133	Complete	_CM001198.1_001156.1	624.7	389
19584at93133	Complete	_CM001205.1_000545.1	1066.1	502
19602at93133	Complete	_CM001203.1_000676.1	178.7	110
19603at93133	Complete	_CM001206.1_000563.1	790.6	424
1960at93133	Complete	_CM001203.1_000678.1	588.8	254
1961at93133	Complete	_CM001203.1_000441.1	423.0	205
19621at93133	Complete	_CM001204.1_000565.1	652.4	356
19627at93133	Complete	_CM001196.1_001637.1	287.1	168
1962at93133	Complete	_CM001197.1_001390.1	1172.6	545
19659at93133	Complete	_CM001196.1_001618.1	1024.5	930
19681at93133	Complete	_CM001196.1_001862.1	726.2	434
19689at93133	Complete	_CM001199.1_000289.1	379.6	236
19721at93133	Complete	_CM001201.1_000508.1	677.2	396
19726at93133	Complete	_CM001199.1_001079.1	340.6	183
19733at93133	Complete	_CM001196.1_000833.1	958.2	471
19740at93133	Complete	_CM001205.1_000622.1	363.6	165
19751at93133	Complete	_CM001203.1_000698.1	960.2	509
19778at93133	Complete	_CM001196.1_000940.1	459.1	241
19782at93133	Complete	_CM001196.1_000326.1	1706.4	941
19844at93133	Complete	_CM001204.1_000691.1	654.1	379
19910at93133	Complete	_CM001199.1_000546.1	736.1	471
19919at93133	Complete	_CM001196.1_001922.1	1000.2	506
19927at93133	Complete	_CM001208.1_000383.1	517.4	266
19930at93133	Complete	_CM001204.1_000559.1	1910.1	1101
19936at93133	Complete	_CM001200.1_000808.1	1283.2	672
19943at93133	Complete	_CM001196.1_002082.1	652.2	348
19944at93133	Complete	_CM001197.1_001219.1	997.0	489
1995at93133	Complete	_CM001200.1_000847.1	214.6	101
19963at93133	Complete	_CM001199.1_000933.1	1481.4	786
19982at93133	Complete	_CM001196.1_001238.1	605.9	320
19989at93133	Complete	_CM001196.1_001606.1	543.1	368
19992at93133	Complete	_CM001196.1_002020.1	2277.8	1307
20016at93133	Complete	_CM001200.1_000146.1	345.8	225
20020at93133	Complete	_CM001196.1_001733.1	292.0	155
20057at93133	Complete	_CM001204.1_000433.1	1947.7	972
20110at93133	Complete	_CM001196.1_001103.1	195.7	108
2013at93133	Complete	_CM001203.1_000244.1	270.7	122
20140at93133	Complete	_CM001203.1_000143.1	736.7	602
20160at93133	Complete	_CM001205.1_000212.1	557.7	322
20195at93133	Complete	_CM001204.1_000439.1	676.2	381
20208at93133	Complete	_CM001201.1_000663.1	1164.0	596
20221at93133	Complete	_CM001205.1_000184.1	633.7	484
20252at93133	Complete	_CM001198.1_000661.1	1176.8	618
20260at93133	Complete	_CM001202.1_000931.1	304.1	174
20269at93133	Complete	_CM001201.1_000667.1	687.3	384
20330at93133	Complete	_CM001196.1_001868.1	2589.1	1256
2035at93133	Complete	_CM001204.1_000473.1	934.7	450
20376at93133	Complete	_CM001196.1_001977.1	408.1	224
2038at93133	Complete	_CM001202.1_000974.1	559.3	262
20421at93133	Complete	_CM001198.1_000553.1	1099.1	600
2043at93133	Complete	_CM001199.1_000932.1	944.3	442
20449at93133	Complete	_CM001197.1_000656.1	206.6	119
2045at93133	Complete	_CM001196.1_002035.1	976.1	468
20468at93133	Complete	_CM001203.1_000031.1	409.2	265
20497at93133	Complete	_CM001196.1_001807.1	161.7	117
20505at93133	Complete	_CM001205.1_000121.1	420.2	226
20523at93133	Complete	_CM001206.1_000328.1	1356.8	852
20565at93133	Complete	_CM001196.1_002334.1	1406.5	995
20574at93133	Complete	_CM001199.1_000867.1	1408.5	701
20583at93133	Complete	_CM001199.1_000322.1	557.6	621
20585at93133	Complete	_CM001198.1_001157.1	1356.0	627
2061at93133	Complete	_CM001196.1_001617.1	180.7	88
20650at93133	Complete	_CM001204.1_000319.1	531.5	285
20678at93133	Complete	_CM001205.1_000504.1	535.7	262
20692at93133	Complete	_CM001199.1_000934.1	212.3	113
20707at93133	Complete	_CM001204.1_000501.1	1521.8	804
20750at93133	Complete	_CM001196.1_001743.1	976.5	485
20755at93133	Complete	_CM001203.1_000686.1	915.0	509
20757at93133	Complete	_CM001196.1_002049.1	653.5	319
20763at93133	Complete	_CM001203.1_000508.1	1090.2	556
20807at93133	Complete	_CM001198.1_001227.1	696.5	417
20834at93133	Complete	_CM001197.1_001224.1	190.3	94
20848at93133	Complete	_CM001200.1_000540.1	1229.4	604
20883at93133	Complete	_CM001200.1_000747.1	2022.2	1032
20890at93133	Complete	_CM001199.1_000849.1	836.1	442
20902at93133	Complete	_CM001202.1_000333.1	433.5	236
20929at93133	Complete	_CM001196.1_001293.1	1223.7	687
20934at93133	Complete	_CM001196.1_000396.1	623.0	576
20949at93133	Complete	_CM001206.1_000337.1	383.9	253
20956at93133	Complete	_CM001199.1_000216.1	1853.0	1016
20965at93133	Complete	_CM001196.1_001744.1	407.2	208
20972at93133	Complete	_CM001196.1_001563.1	346.4	173
21036at93133	Complete	_CM001201.1_000657.1	371.1	259
21058at93133	Complete	_CM001202.1_000934.1	962.4	497
21069at93133	Complete	_CM001203.1_000755.1	319.6	154
21092at93133	Complete	_CM001196.1_001861.1	685.3	487
21102at93133	Complete	_CM001196.1_001912.1	2160.3	1177
21130at93133	Complete	_CM001196.1_001647.1	2033.3	1135
21146at93133	Complete	_CM001200.1_000638.1	576.4	304
21173at93133	Complete	_CM001198.1_000719.1	266.0	121
21184at93133	Complete	_CM001196.1_001790.1	1323.3	682
21234at93133	Complete	_CM001199.1_000811.1	544.0	308
2123at93133	Complete	_CM001196.1_000343.1	871.9	445
21241at93133	Complete	_CM001204.1_000711.1	267.7	142
21257at93133	Complete	_CM001197.1_001325.1	1829.2	951
21262at93133	Complete	_CM001206.1_000506.1	1073.5	1037
21265at93133	Complete	_CM001201.1_000846.1	292.3	285
21298at93133	Complete	_CM001198.1_001281.1	1052.0	778
21301at93133	Complete	_CM001199.1_000996.1	931.8	454
21305at93133	Complete	_CM001196.1_001852.1	515.9	284
21309at93133	Complete	_CM001196.1_002296.1	1881.4	1050
21310at93133	Complete	_CM001201.1_000160.1	320.8	250
21316at93133	Complete	_CM001196.1_002159.1	458.4	245
2131at93133	Complete	_CM001197.1_000987.1	903.1	450
21324at93133	Complete	_CM001200.1_000552.1	591.3	305
21325at93133	Complete	_CM001206.1_000555.1	476.9	280
21338at93133	Complete	_CM001198.1_000809.1	592.6	311
2134at93133	Complete	_CM001201.1_000384.1	2502.9	1181
21356at93133	Complete	_CM001196.1_001796.1	779.2	405
21373at93133	Complete	_CM001199.1_000992.1	485.7	257
21402at93133	Complete	_CM001203.1_000538.1	894.9	631
21404at93133	Complete	_CM001204.1_000681.1	629.7	338
21446at93133	Complete	_CM001197.1_001252.1	1495.3	800
21456at93133	Complete	_CM001203.1_000483.1	251.1	134
21504at93133	Complete	_CM001199.1_000949.1	470.9	252
21574at93133	Complete	_CM001205.1_000477.1	1154.1	684
21594at93133	Complete	_CM001197.1_001196.1	664.6	364
2160at93133	Complete	_CM001207.1_000357.1	522.1	254
21632at93133	Complete	_CM001207.1_000403.1	336.0	184
21639at93133	Complete	_CM001208.1_000385.1	1456.7	876
21684at93133	Complete	_CM001203.1_000410.1	778.8	454
2168at93133	Complete	_CM001197.1_000884.1	613.3	272
21693at93133	Complete	_CM001200.1_000600.1	897.3	989
21712at93133	Complete	_CM001201.1_000368.1	407.0	229
21724at93133	Complete	_CM001203.1_000601.1	320.7	160
21746at93133	Complete	_CM001205.1_000351.1	560.4	354
21827at93133	Complete	_CM001196.1_000285.1	644.6	337
21848at93133	Complete	_CM001196.1_001787.1	457.3	297
21864at93133	Complete	_CM001197.1_001377.1	604.3	430
21872at93133	Complete	_CM001202.1_000975.1	533.6	274
21886at93133	Complete	_CM001196.1_001328.1	812.0	440
21911at93133	Complete	_CM001201.1_000502.1	601.5	327
21922at93133	Complete	_CM001201.1_000642.1	463.5	240
21928at93133	Complete	_CM001196.1_000716.1	1278.8	1104
21950at93133	Complete	_CM001196.1_001570.1	1333.4	968
21962at93133	Complete	_CM001196.1_002031.1	1118.0	553
21963at93133	Complete	_CM001203.1_000747.1	342.1	184
21965at93133	Complete	_CM001196.1_001113.1	652.4	571
21999at93133	Complete	_CM001196.1_000513.1	468.1	235
22022at93133	Complete	_CM001196.1_002310.1	1441.0	723
22024at93133	Complete	_CM001207.1_000316.1	948.3	596
22054at93133	Complete	_CM001196.1_001510.1	189.0	101
22070at93133	Complete	_CM001206.1_000348.1	951.0	573
22071at93133	Complete	_CM001205.1_000463.1	425.0	221
22082at93133	Complete	_CM001204.1_000391.1	373.6	223
22085at93133	Complete	_CM001205.1_000099.1	354.7	208
22099at93133	Complete	_CM001208.1_000307.1	1058.0	714
22150at93133	Complete	_CM001196.1_001327.1	1035.5	571
22155at93133	Complete	_CM001206.1_000423.1	1348.8	661
22181at93133	Complete	_CM001196.1_000483.1	938.9	517
221at93133	Complete	_CM001206.1_000553.1	420.5	232
22202at93133	Complete	_CM001198.1_001335.1	964.8	525
22206at93133	Complete	_CM001196.1_002038.1	676.1	382
22246at93133	Complete	_CM001197.1_000998.1	435.1	359
22252at93133	Complete	_CM001203.1_000609.1	307.2	235
22253at93133	Complete	_CM001197.1_001211.1	382.4	223
22254at93133	Complete	_CM001203.1_000588.1	1334.9	672
22280at93133	Complete	_CM001206.1_000576.1	417.1	221
22298at93133	Complete	_CM001199.1_000391.1	618.2	370
222at93133	Complete	_CM001196.1_001890.1	790.0	401
22343at93133	Complete	_CM001206.1_000410.1	394.3	205
22360at93133	Complete	_CM001199.1_001020.1	354.7	232
22373at93133	Complete	_CM001197.1_001132.1	570.4	298
22379at93133	Complete	_CM001197.1_001339.1	1712.0	805
22393at93133	Complete	_CM001196.1_001999.1	1329.7	735
22419at93133	Complete	_CM001198.1_000720.1	362.4	315
22451at93133	Complete	_CM001204.1_000504.1	1000.6	469
22472at93133	Complete	_CM001198.1_001064.1	398.1	211
22489at93133	Complete	_CM001207.1_000395.1	1599.6	947
22502at93133	Complete	_CM001208.1_000353.1	1336.9	854
22506at93133	Complete	_CM001198.1_000860.1	1823.5	1003
22518at93133	Complete	_CM001196.1_002147.1	497.6	304
22534at93133	Complete	_CM001197.1_000573.1	250.3	132
22535at93133	Complete	_CM001197.1_000913.1	1919.5	1004
22536at93133	Complete	_CM001197.1_000976.1	358.1	205
22553at93133	Complete	_CM001196.1_001611.1	1284.3	936
22601at93133	Complete	_CM001205.1_000566.1	2277.4	1304
22616at93133	Complete	_CM001200.1_000285.1	824.7	511
22628at93133	Complete	_CM001198.1_001098.1	1333.3	797
2264at93133	Complete	_CM001196.1_002290.1	1103.3	510
22668at93133	Complete	_CM001199.1_000730.1	1107.6	684
22672at93133	Complete	_CM001196.1_001280.1	374.4	224
22677at93133	Complete	_CM001200.1_000364.1	442.4	236
22693at93133	Complete	_CM001196.1_001268.1	693.9	417
22696at93133	Complete	_CM001196.1_001432.1	516.4	371
22711at93133	Complete	_CM001196.1_000705.1	478.0	279
22744at93133	Complete	_CM001205.1_000259.1	324.0	228
22748at93133	Complete	_CM001196.1_001685.1	269.6	150
22763at93133	Complete	_CM001204.1_000447.1	525.5	245
22768at93133	Complete	_CM001200.1_000228.1	397.6	203
22784at93133	Complete	_CM001197.1_000880.1	252.2	115
22796at93133	Complete	_CM001200.1_000536.1	1135.2	756
22805at93133	Complete	_CM001197.1_000839.1	231.9	183
22815at93133	Complete	_CM001198.1_000065.1	1580.6	1107
22818at93133	Complete	_CM001196.1_000307.1	482.4	257
22841at93133	Complete	_CM001196.1_001715.1	1605.9	845
22855at93133	Complete	_CM001197.1_000689.1	571.9	267
22871at93133	Complete	_CM001204.1_000346.1	457.1	229
22877at93133	Complete	_CM001199.1_000717.1	676.3	350
22890at93133	Complete	_CM001206.1_000457.1	909.6	467
22924at93133	Complete	_CM001200.1_000652.1	1391.1	615
22927at93133	Complete	_CM001199.1_000998.1	968.9	529
22944at93133	Complete	_CM001196.1_000976.1	1614.5	971
22953at93133	Complete	_CM001199.1_000899.1	664.3	362
22981at93133	Complete	_CM001198.1_001325.1	533.4	539
23006at93133	Complete	_CM001197.1_000828.1	978.2	569
23029at93133	Complete	_CM001199.1_000239.1	1001.0	565
23040at93133	Complete	_CM001196.1_001536.1	578.9	352
23054at93133	Complete	_CM001199.1_000600.1	1202.9	674
23070at93133	Complete	_CM001197.1_000082.1	1203.6	747
23081at93133	Complete	_CM001197.1_000469.1	1163.6	741
23082at93133	Complete	_CM001204.1_000670.1	237.9	279
23084at93133	Complete	_CM001197.1_000930.1	625.6	303
23133at93133	Complete	_CM001200.1_000261.1	971.1	509
23147at93133	Complete	_CM001196.1_001048.1	1585.0	816
23156at93133	Complete	_CM001198.1_000713.1	1181.7	676
23169at93133	Fragmented	_CM001208.1_000091.1	604.0	646
23213at93133	Complete	_CM001199.1_000601.1	481.5	288
23216at93133	Complete	_CM001202.1_000060.1	471.8	273
23313at93133	Complete	_CM001200.1_000973.1	661.7	321
2331at93133	Complete	_CM001203.1_000543.1	759.3	386
23320at93133	Complete	_CM001197.1_000137.1	1086.0	528
23344at93133	Complete	_CM001200.1_000879.1	345.2	233
23346at93133	Complete	_CM001196.1_001985.1	942.3	561
23356at93133	Complete	_CM001200.1_000812.1	273.5	149
23372at93133	Complete	_CM001203.1_000834.1	1013.4	497
23373at93133	Complete	_CM001199.1_000884.1	658.1	389
23380at93133	Complete	_CM001196.1_000235.1	417.8	241
23383at93133	Complete	_CM001198.1_001287.1	235.8	125
23403at93133	Complete	_CM001201.1_000672.1	243.7	135
23411at93133	Complete	_CM001197.1_000760.1	846.9	410
23438at93133	Complete	_CM001208.1_000386.1	1020.3	563
23454at93133	Complete	_CM001197.1_000763.1	1301.1	762
23486at93133	Complete	_CM001203.1_000336.1	237.4	111
23532at93133	Complete	_CM001199.1_000744.1	1018.6	575
23535at93133	Complete	_CM001196.1_001728.1	1163.5	738
2354at93133	Complete	_CM001196.1_001334.1	617.6	307
23562at93133	Complete	_CM001199.1_000634.1	589.4	383
23571at93133	Complete	_CM001197.1_001295.1	498.6	316
23577at93133	Complete	_CM001198.1_000982.1	774.3	396
23581at93133	Complete	_CM001199.1_000866.1	1376.2	732
23601at93133	Complete	_CM001200.1_000726.1	590.0	300
23608at93133	Complete	_CM001197.1_001028.1	2387.2	1417
23609at93133	Complete	_CM001196.1_002048.1	666.5	340
23617at93133	Complete	_CM001196.1_002253.1	468.2	223
23619at93133	Complete	_CM001205.1_000033.1	972.0	606
23660at93133	Complete	_CM001196.1_002270.1	1320.6	805
23661at93133	Complete	_CM001196.1_000621.1	850.0	538
23662at93133	Complete	_CM001197.1_000470.1	996.7	751
23703at93133	Complete	_CM001204.1_000676.1	702.5	477
23705at93133	Complete	_CM001204.1_000514.1	307.5	323
23706at93133	Complete	_CM001201.1_000463.1	857.6	519
23714at93133	Complete	_CM001196.1_001568.1	646.1	301
23760at93133	Complete	_CM001204.1_000474.1	442.1	255
23765at93133	Complete	_CM001196.1_002093.1	596.2	362
23767at93133	Complete	_CM001197.1_000684.1	736.8	460
23794at93133	Complete	_CM001197.1_001177.1	741.7	442
23812at93133	Complete	_CM001200.1_000539.1	1275.9	592
2385at93133	Complete	_CM001198.1_001115.1	539.1	258
23866at93133	Complete	_CM001205.1_000501.1	666.0	423
23870at93133	Complete	_CM001200.1_000975.1	1011.4	502
23874at93133	Complete	_CM001198.1_001003.1	1369.8	687
23913at93133	Complete	_CM001196.1_002004.1	472.2	224
23938at93133	Complete	_CM001196.1_001904.1	531.4	246
23944at93133	Complete	_CM001206.1_000548.1	324.2	217
23951at93133	Complete	_CM001197.1_001368.1	1290.5	784
23977at93133	Complete	_CM001199.1_000672.1	866.0	456
23991at93133	Complete	_CM001200.1_000021.1	723.4	523
23at93133	Complete	_CM001207.1_000549.1	599.2	288
24030at93133	Complete	_CM001199.1_000768.1	878.7	456
24047at93133	Complete	_CM001204.1_000318.1	699.2	355
24054at93133	Complete	_CM001199.1_000099.1	232.7	200
24056at93133	Complete	_CM001197.1_000755.1	462.6	295
2405at93133	Complete	_CM001204.1_000592.1	1574.4	769
24078at93133	Complete	_CM001199.1_000631.1	1217.8	663
2408at93133	Complete	_CM001197.1_001387.1	5508.2	2447
24114at93133	Complete	_CM001198.1_000468.1	519.1	303
24126at93133	Complete	_CM001197.1_000827.1	630.3	383
2412at93133	Complete	_CM001197.1_000098.1	142.6	77
24135at93133	Complete	_CM001196.1_001234.1	866.1	546
24195at93133	Complete	_CM001199.1_000622.1	523.5	299
24202at93133	Complete	_CM001203.1_000583.1	877.2	761
24214at93133	Complete	_CM001196.1_001628.1	492.6	420
24227at93133	Complete	_CM001199.1_000648.1	572.6	391
24230at93133	Complete	_CM001196.1_000372.1	425.1	207
24261at93133	Complete	_CM001199.1_000875.1	1089.7	658
2427at93133	Complete	_CM001199.1_000865.1	658.7	349
24357at93133	Complete	_CM001201.1_000124.1	979.7	561
24363at93133	Complete	_CM001199.1_001005.1	751.8	421
24383at93133	Complete	_CM001207.1_000363.1	559.1	277
24399at93133	Complete	_CM001203.1_000322.1	691.7	415
24432at93133	Complete	_CM001196.1_001578.1	577.8	323
24441at93133	Complete	_CM001196.1_001619.1	1677.0	823
24456at93133	Complete	_CM001203.1_000318.1	346.3	174
24459at93133	Complete	_CM001199.1_001025.1	332.4	205
24464at93133	Complete	_CM001203.1_000242.1	499.1	399
24513at93133	Complete	_CM001196.1_002196.1	688.2	638
24534at93133	Complete	_CM001198.1_000717.1	811.6	447
24566at93133	Complete	_CM001196.1_002057.1	1265.7	653
24585at93133	Complete	_CM001199.1_000425.1	656.3	378
2462at93133	Complete	_CM001201.1_000254.1	694.5	328
24632at93133	Complete	_CM001196.1_001501.1	524.4	420
24651at93133	Complete	_CM001198.1_001062.1	642.5	435
24674at93133	Complete	_CM001199.1_000868.1	613.8	418
24714at93133	Complete	_CM001205.1_000616.1	356.4	205
24736at93133	Complete	_CM001196.1_001997.1	1444.1	949
24755at93133	Complete	_CM001204.1_000386.1	348.9	420
24794at93133	Complete	_CM001206.1_000475.1	501.5	316
24823at93133	Complete	_CM001202.1_000871.1	356.2	207
24829at93133	Complete	_CM001197.1_000150.1	1602.9	994
24834at93133	Complete	_CM001206.1_000455.1	650.5	346
24872at93133	Complete	_CM001199.1_000852.1	750.2	391
24878at93133	Complete	_CM001196.1_001887.1	608.2	382
24891at93133	Complete	_CM001196.1_001046.1	753.5	648
24937at93133	Complete	_CM001201.1_000458.1	752.0	434
2494at93133	Complete	_CM001201.1_000651.1	927.0	439
24951at93133	Complete	_CM001203.1_000215.1	1923.1	1041
24983at93133	Complete	_CM001196.1_001699.1	1075.7	595
25007at93133	Complete	_CM001197.1_000703.1	536.0	267
25016at93133	Complete	_CM001200.1_000655.1	419.3	309
25033at93133	Complete	_CM001196.1_001470.1	650.5	382
25114at93133	Complete	_CM001197.1_001401.1	461.5	484
25159at93133	Complete	_CM001198.1_000869.1	1117.5	624
25161at93133	Complete	_CM001200.1_000717.1	3878.1	2121
25164at93133	Complete	_CM001198.1_000726.1	1424.6	726
25180at93133	Complete	_CM001201.1_000125.1	1465.0	1027
25208at93133	Complete	_CM001204.1_000618.1	1017.2	584
2522at93133	Complete	_CM001204.1_000583.1	203.2	100
25240at93133	Complete	_CM001196.1_000280.1	414.3	212
25281at93133	Complete	_CM001203.1_000419.1	1325.4	1282
25298at93133	Complete	_CM001206.1_000112.1	433.6	537
2530at93133	Complete	_CM001198.1_000991.1	652.7	351
25317at93133	Complete	_CM001197.1_000312.1	1091.3	722
25333at93133	Complete	_CM001208.1_000280.1	1156.9	1001
25350at93133	Complete	_CM001203.1_000721.1	826.2	505
25367at93133	Complete	_CM001198.1_001108.1	428.1	253
25379at93133	Complete	_CM001197.1_000964.1	275.7	142
25438at93133	Fragmented	_CM001197.1_001422.1	219.7	224
25476at93133	Complete	_CM001197.1_000881.1	462.4	286
25495at93133	Complete	_CM001200.1_000896.1	217.1	104
25498at93133	Complete	_CM001197.1_001110.1	861.2	606
2553at93133	Complete	_CM001197.1_000904.1	561.6	278
25569at93133	Complete	_CM001196.1_001130.1	473.4	258
25578at93133	Complete	_CM001207.1_000356.1	1232.8	807
25595at93133	Complete	_CM001197.1_001023.1	460.7	404
25608at93133	Complete	_CM001197.1_001376.1	582.7	353
25613at93133	Complete	_CM001207.1_000378.1	767.7	599
25615at93133	Complete	_CM001198.1_000988.1	1034.0	565
2561at93133	Complete	_CM001197.1_001176.1	1137.5	516
25623at93133	Complete	_CM001196.1_001561.1	375.8	250
25633at93133	Complete	_CM001196.1_002098.1	948.9	590
25639at93133	Complete	_CM001202.1_000980.1	520.2	352
2564at93133	Complete	_CM001203.1_000582.1	558.6	293
2566at93133	Complete	_CM001200.1_000595.1	429.2	239
25692at93133	Complete	_CM001199.1_000598.1	472.2	279
25699at93133	Complete	_CM001196.1_002221.1	1806.3	942
25700at93133	Complete	_CM001198.1_001233.1	972.2	700
25708at93133	Complete	_CM001199.1_000644.1	326.9	215
25760at93133	Complete	_CM001197.1_001355.1	273.1	158
25765at93133	Complete	_CM001207.1_000404.1	447.5	230
25793at93133	Complete	_CM001203.1_000317.1	730.8	504
25807at93133	Complete	_CM001208.1_000440.1	254.4	201
25818at93133	Complete	_CM001208.1_000241.1	676.3	431
25833at93133	Complete	_CM001198.1_000931.1	278.4	175
2584at93133	Complete	_CM001203.1_000460.1	420.7	249
25853at93133	Complete	_CM001199.1_000854.1	1353.0	836
25859at93133	Complete	_CM001196.1_001326.1	413.3	256
25873at93133	Complete	_CM001208.1_000031.1	636.4	399
25898at93133	Complete	_CM001203.1_000693.1	701.6	489
25899at93133	Complete	_CM001207.1_000454.1	757.3	441
25947at93133	Complete	_CM001202.1_001014.1	1462.3	1141
25948at93133	Complete	_CM001199.1_000814.1	291.2	167
259at93133	Complete	_CM001196.1_001291.1	1007.8	474
26045at93133	Complete	_CM001207.1_000286.1	410.2	260
26069at93133	Complete	_CM001207.1_000530.1	337.9	242
26075at93133	Complete	_CM001196.1_002315.1	338.8	396
26088at93133	Complete	_CM001206.1_000415.1	297.4	134
26117at93133	Complete	_CM001204.1_000531.1	171.7	146
26198at93133	Complete	_CM001198.1_001277.1	931.5	542
26218at93133	Complete	_CM001206.1_000587.1	523.6	344
26257at93133	Complete	_CM001200.1_000550.1	690.2	364
26268at93133	Complete	_CM001197.1_000109.1	758.4	442
26283at93133	Complete	_CM001196.1_001987.1	1306.7	753
26308at93133	Complete	_CM001198.1_001255.1	657.8	397
2630at93133	Complete	_CM001199.1_000217.1	1083.2	495
26341at93133	Complete	_CM001204.1_000187.1	530.7	433
26368at93133	Complete	_CM001206.1_000616.1	792.2	562
26376at93133	Complete	_CM001201.1_000606.1	1393.4	725
26392at93133	Complete	_CM001205.1_000019.1	256.8	154
26399at93133	Complete	_CM001196.1_001624.1	959.9	540
26446at93133	Complete	_CM001204.1_000438.1	358.9	207
26467at93133	Complete	_CM001201.1_000840.1	516.3	398
26488at93133	Complete	_CM001204.1_000526.1	741.3	377
2651at93133	Complete	_CM001202.1_000820.1	743.3	347
26549at93133	Complete	_CM001201.1_000233.1	572.7	485
26551at93133	Complete	_CM001196.1_001979.1	581.5	347
26554at93133	Complete	_CM001196.1_001137.1	534.1	402
26575at93133	Complete	_CM001197.1_000259.1	220.9	162
26577at93133	Complete	_CM001196.1_000731.1	365.2	240
26630at93133	Complete	_CM001205.1_000468.1	616.2	374
26642at93133	Complete	_CM001207.1_000506.1	251.6	151
26651at93133	Complete	_CM001198.1_000061.1	323.0	189
26654at93133	Complete	_CM001203.1_000765.1	177.2	118
26662at93133	Complete	_CM001198.1_000753.1	938.9	559
26666at93133	Complete	_CM001208.1_000396.1	432.9	247
26714at93133	Complete	_CM001203.1_000240.1	948.8	1033
26729at93133	Complete	_CM001205.1_000517.1	828.3	520
26748at93133	Complete	_CM001204.1_000521.1	823.2	462
26759at93133	Complete	_CM001197.1_001260.1	594.2	510
26779at93133	Complete	_CM001196.1_002046.1	773.9	533
26792at93133	Complete	_CM001206.1_000413.1	1149.3	781
26818at93133	Complete	_CM001196.1_001863.1	799.9	463
26836at93133	Complete	_CM001197.1_000315.1	236.1	122
26847at93133	Complete	_CM001200.1_001017.1	552.6	316
2684at93133	Complete	_CM001204.1_000648.1	1088.9	522
26873at93133	Complete	_CM001203.1_000546.1	622.3	526
26940at93133	Complete	_CM001204.1_000399.1	581.4	397
26960at93133	Complete	_CM001197.1_001024.1	281.9	171
26971at93133	Complete	_CM001201.1_000151.1	535.1	326
26975at93133	Complete	_CM001199.1_000696.1	610.5	386
26979at93133	Complete	_CM001204.1_000496.1	734.1	770
26992at93133	Complete	_CM001198.1_001196.1	275.4	153
26997at93133	Complete	_CM001196.1_001970.1	1630.1	1392
269at93133	Complete	_CM001198.1_000773.1	828.0	382
27002at93133	Complete	_CM001196.1_000735.1	651.0	342
27013at93133	Complete	_CM001202.1_000703.1	356.2	246
27031at93133	Complete	_CM001196.1_001711.1	332.9	230
27036at93133	Complete	_CM001200.1_000733.1	513.1	314
27039at93133	Complete	_CM001196.1_002067.1	642.2	433
27080at93133	Complete	_CM001198.1_001308.1	663.0	385
27089at93133	Complete	_CM001202.1_000073.1	796.6	555
2708at93133	Complete	_CM001207.1_000491.1	502.1	235
2710at93133	Complete	_CM001205.1_000573.1	766.8	349
27110at93133	Complete	_CM001208.1_000306.1	949.8	766
27119at93133	Complete	_CM001201.1_000562.1	460.7	368
27196at93133	Complete	_CM001208.1_000320.1	285.0	258
27206at93133	Complete	_CM001197.1_001233.1	1072.8	636
27249at93133	Complete	_CM001204.1_000658.1	181.9	120
27260at93133	Complete	_CM001197.1_000675.1	375.5	263
27320at93133	Complete	_CM001202.1_000978.1	666.8	442
27333at93133	Complete	_CM001196.1_001553.1	231.2	150
27375at93133	Complete	_CM001200.1_000876.1	377.8	378
27386at93133	Complete	_CM001206.1_000185.1	256.0	127
27413at93133	Complete	_CM001196.1_002142.1	1376.2	943
27439at93133	Complete	_CM001202.1_001008.1	485.1	323
27451at93133	Complete	_CM001208.1_000268.1	440.5	401
27452at93133	Complete	_CM001196.1_002061.1	420.3	301
27465at93133	Complete	_CM001202.1_000754.1	550.6	343
274at93133	Complete	_CM001204.1_000713.1	336.0	158
27598at93133	Complete	_CM001197.1_001345.1	397.8	241
2759at93133	Complete	_CM001196.1_002285.1	826.2	430
27634at93133	Complete	_CM001196.1_002074.1	401.1	212
27655at93133	Complete	_CM001206.1_000162.1	690.4	427
27682at93133	Complete	_CM001197.1_000673.1	1230.9	672
27684at93133	Complete	_CM001199.1_001038.1	563.3	388
27707at93133	Complete	_CM001196.1_001698.1	1520.8	845
27728at93133	Complete	_CM001207.1_000386.1	207.5	110
27759at93133	Complete	_CM001198.1_000452.1	290.5	187
27779at93133	Complete	_CM001203.1_000696.1	212.0	143
27797at93133	Complete	_CM001200.1_000821.1	795.3	509
27872at93133	Complete	_CM001199.1_000697.1	424.2	305
27918at93133	Complete	_CM001204.1_000458.1	1833.8	1392
2792at93133	Complete	_CM001204.1_000682.1	906.6	401
27950at93133	Complete	_CM001207.1_000400.1	428.6	266
27951at93133	Complete	_CM001197.1_000575.1	1177.0	818
27978at93133	Complete	_CM001201.1_000427.1	518.7	409
27999at93133	Complete	_CM001196.1_002121.1	384.7	214
28001at93133	Complete	_CM001199.1_000650.1	700.7	422
28008at93133	Complete	_CM001199.1_000870.1	1187.2	634
28043at93133	Complete	_CM001196.1_001579.1	623.0	354
28082at93133	Complete	_CM001206.1_000626.1	1009.6	766
2812at93133	Complete	_CM001206.1_000597.1	180.7	82
28139at93133	Complete	_CM001207.1_000475.1	606.4	534
28148at93133	Complete	_CM001200.1_000752.1	686.5	432
28191at93133	Complete	_CM001201.1_000720.1	501.7	310
28234at93133	Complete	_CM001200.1_000838.1	1000.3	650
28304at93133	Complete	_CM001202.1_000288.1	304.3	196
28317at93133	Complete	_CM001196.1_000660.1	403.2	310
28335at93133	Complete	_CM001203.1_000246.1	243.9	209
2833at93133	Complete	_CM001202.1_000398.1	672.1	304
28372at93133	Complete	_CM001200.1_000571.1	175.3	195
28400at93133	Complete	_CM001204.1_000423.1	823.1	504
28424at93133	Complete	_CM001201.1_000523.1	497.9	300
28442at93133	Complete	_CM001203.1_000866.1	465.5	288
28462at93133	Complete	_CM001207.1_000411.1	533.3	327
28491at93133	Complete	_CM001206.1_000434.1	448.9	286
28527at93133	Complete	_CM001197.1_000676.1	537.1	335
2852at93133	Complete	_CM001199.1_000704.1	1074.5	540
2858at93133	Complete	_CM001199.1_000726.1	351.5	187
28591at93133	Complete	_CM001206.1_000437.1	342.4	330
28646at93133	Complete	_CM001202.1_001100.1	365.5	223
28653at93133	Complete	_CM001198.1_000816.1	781.1	629
28661at93133	Complete	_CM001199.1_000457.1	1852.4	1124
2866at93133	Complete	_CM001197.1_001354.1	328.0	143
28678at93133	Complete	_CM001201.1_000701.1	325.7	192
2869at93133	Complete	_CM001196.1_002223.1	1538.1	761
28727at93133	Complete	_CM001196.1_000978.1	379.1	287
28735at93133	Complete	_CM001200.1_000011.1	952.5	637
28764at93133	Complete	_CM001207.1_000473.1	323.9	266
28820at93133	Complete	_CM001200.1_000719.1	145.7	129
28863at93133	Complete	_CM001204.1_000450.1	133.9	105
28878at93133	Complete	_CM001200.1_000814.1	238.4	170
28897at93133	Complete	_CM001201.1_000477.1	363.8	239
28966at93133	Complete	_CM001196.1_000328.1	329.1	190
29032at93133	Complete	_CM001204.1_000436.1	352.4	250
29081at93133	Complete	_CM001196.1_001349.1	239.8	166
29084at93133	Complete	_CM001196.1_001485.1	915.6	492
29116at93133	Complete	_CM001206.1_000344.1	163.9	124
29130at93133	Complete	_CM001198.1_000817.1	405.8	355
29146at93133	Complete	_CM001202.1_000763.1	367.8	320
29177at93133	Complete	_CM001198.1_000393.1	421.0	285
29234at93133	Complete	_CM001196.1_001832.1	260.7	199
29243at93133	Complete	_CM001206.1_000580.1	410.6	243
29356at93133	Complete	_CM001201.1_000469.1	156.1	158
2938at93133	Complete	_CM001196.1_001706.1	378.0	186
29409at93133	Complete	_CM001209.1_000148.1	630.1	510
29422at93133	Complete	_CM001198.1_000645.1	214.8	219
29477at93133	Complete	_CM001205.1_000523.1	415.2	313
29496at93133	Complete	_CM001196.1_001551.1	933.9	614
2953at93133	Complete	_CM001201.1_000848.1	496.5	252
29545at93133	Complete	_CM001200.1_000786.1	488.1	431
29560at93133	Complete	_CM001196.1_001738.1	275.0	272
29567at93133	Complete	_CM001200.1_001021.1	237.5	166
29625at93133	Complete	_CM001196.1_001691.1	380.7	246
2963at93133	Complete	_CM001198.1_001080.1	1084.9	485
29674at93133	Complete	_CM001197.1_000799.1	1950.2	1905
2967at93133	Complete	_CM001207.1_000500.1	580.2	274
29682at93133	Complete	_CM001200.1_000794.1	236.2	154
29720at93133	Complete	_CM001197.1_001215.1	260.5	421
2974at93133	Complete	_CM001197.1_001004.1	3652.0	1768
29778at93133	Complete	_CM001206.1_000357.1	470.6	451
29787at93133	Complete	_CM001201.1_000460.1	547.5	642
29839at93133	Complete	_CM001198.1_000814.1	756.8	773
2987at93133	Complete	_CM001199.1_000754.1	1455.9	627
3006at93133	Complete	_CM001205.1_000203.1	481.8	248
3018at93133	Complete	_CM001198.1_000937.1	379.1	170
3050at93133	Complete	_CM001197.1_000826.1	722.8	340
3061at93133	Complete	_CM001200.1_000651.1	233.2	122
3063at93133	Complete	_CM001197.1_000789.1	519.2	247
3070at93133	Complete	_CM001199.1_000758.1	528.5	261
3089at93133	Complete	_CM001196.1_001478.1	348.4	153
3112at93133	Complete	_CM001206.1_000428.1	637.9	386
3144at93133	Complete	_CM001197.1_001030.1	1456.5	702
3186at93133	Complete	_CM001198.1_001057.1	429.9	204
3197at93133	Complete	_CM001199.1_000467.1	306.9	150
3203at93133	Complete	_CM001196.1_001665.1	213.6	92
3205at93133	Complete	_CM001203.1_000539.1	150.8	61
3228at93133	Complete	_CM001198.1_000856.1	779.7	353
322at93133	Complete	_CM001197.1_001351.1	184.7	79
3231at93133	Complete	_CM001198.1_001239.1	1277.3	596
3234at93133	Complete	_CM001198.1_000853.1	625.7	320
324at93133	Complete	_CM001201.1_000750.1	736.0	383
3257at93133	Complete	_CM001199.1_000633.1	393.6	213
3264at93133	Complete	_CM001197.1_001242.1	465.8	212
3269at93133	Complete	_CM001199.1_000706.1	816.9	381
3271at93133	Complete	_CM001197.1_000821.1	725.9	373
3278at93133	Complete	_CM001198.1_000215.1	320.1	179
3298at93133	Complete	_CM001201.1_000596.1	401.5	298
3299at93133	Complete	_CM001201.1_000243.1	562.9	261
3315at93133	Complete	_CM001196.1_000676.1	560.4	261
3340at93133	Complete	_CM001207.1_000443.1	1069.8	553
3351at93133	Complete	_CM001198.1_001252.1	1071.1	531
3353at93133	Complete	_CM001200.1_000930.1	360.0	173
335at93133	Complete	_CM001208.1_000371.1	201.7	91
3387at93133	Complete	_CM001196.1_001355.1	455.8	215
338at93133	Complete	_CM001196.1_001810.1	707.4	320
339at93133	Complete	_CM001204.1_000494.1	169.3	82
3429at93133	Complete	_CM001197.1_000999.1	418.8	230
3445at93133	Complete	_CM001208.1_000246.1	212.3	115
3496at93133	Complete	_CM001205.1_000479.1	491.4	235
3502at93133	Complete	_CM001198.1_000525.1	979.3	524
3505at93133	Complete	_CM001197.1_001367.1	1015.3	458
3510at93133	Complete	_CM001198.1_000987.1	202.4	92
3516at93133	Complete	_CM001200.1_000929.1	868.7	449
3522at93133	Complete	_CM001199.1_000915.1	341.0	178
3530at93133	Complete	_CM001199.1_000013.1	795.0	364
353at93133	Complete	_CM001200.1_000921.1	325.2	146
3549at93133	Complete	_CM001207.1_000458.1	457.9	228
3553at93133	Complete	_CM001199.1_000942.1	643.6	357
3576at93133	Complete	_CM001198.1_000526.1	1244.7	611
357at93133	Complete	_CM001196.1_001975.1	273.7	133
3593at93133	Complete	_CM001202.1_000924.1	614.3	320
3595at93133	Complete	_CM001197.1_001274.1	469.8	230
3603at93133	Complete	_CM001201.1_000715.1	800.3	417
3608at93133	Complete	_CM001201.1_000481.1	1078.6	528
3615at93133	Complete	_CM001196.1_000817.1	772.4	377
3627at93133	Complete	_CM001206.1_000397.1	897.3	388
3661at93133	Complete	_CM001204.1_000232.1	661.3	327
3664at93133	Complete	_CM001196.1_000278.1	287.4	172
3676at93133	Complete	_CM001203.1_000553.1	818.6	381
3714at93133	Complete	_CM001196.1_002194.1	549.6	274
371at93133	Complete	_CM001204.1_000638.1	749.0	319
3725at93133	Complete	_CM001196.1_000717.1	388.7	217
3735at93133	Complete	_CM001199.1_001016.1	1248.5	623
3748at93133	Complete	_CM001202.1_000970.1	614.1	309
3750at93133	Complete	_CM001207.1_000519.1	893.7	477
3753at93133	Complete	_CM001197.1_001173.1	1001.1	523
3755at93133	Complete	_CM001197.1_000305.1	682.5	360
3769at93133	Complete	_CM001198.1_001004.1	530.2	250
3781at93133	Complete	_CM001199.1_000535.1	347.1	165
3784at93133	Complete	_CM001198.1_000075.1	831.1	409
379at93133	Complete	_CM001199.1_000593.1	813.5	364
3803at93133	Complete	_CM001208.1_000019.1	497.3	245
3806at93133	Complete	_CM001203.1_000294.1	1401.6	683
3851at93133	Complete	_CM001196.1_001986.1	2576.3	1276
386at93133	Complete	_CM001199.1_000963.1	444.2	236
3877at93133	Complete	_CM001208.1_000055.1	875.9	505
3878at93133	Complete	_CM001199.1_000507.1	675.5	362
3912at93133	Complete	_CM001205.1_000467.1	262.7	120
3920at93133	Complete	_CM001198.1_000825.1	288.7	178
3924at93133	Complete	_CM001207.1_000281.1	1150.0	563
3928at93133	Complete	_CM001196.1_001871.1	622.7	284
3945at93133	Complete	_CM001201.1_000694.1	305.4	134
3948at93133	Complete	_CM001197.1_001364.1	640.8	308
3961at93133	Complete	_CM001206.1_000207.1	802.2	399
3967at93133	Complete	_CM001198.1_000846.1	857.7	391
3969at93133	Complete	_CM001199.1_000694.1	507.3	313
3996at93133	Complete	_CM001198.1_001214.1	510.5	246
3998at93133	Complete	_CM001199.1_000906.1	512.7	282
4052at93133	Complete	_CM001208.1_000375.1	166.6	69
4059at93133	Complete	_CM001203.1_000762.1	1281.5	683
4072at93133	Complete	_CM001197.1_001165.1	1365.4	634
4086at93133	Complete	_CM001201.1_000474.1	443.5	200
413at93133	Complete	_CM001205.1_000521.1	157.3	78
4143at93133	Complete	_CM001207.1_000375.1	155.1	77
4159at93133	Complete	_CM001203.1_000400.1	543.5	248
4164at93133	Complete	_CM001201.1_000604.1	240.6	109
4169at93133	Complete	_CM001197.1_000766.1	864.9	395
4192at93133	Complete	_CM001196.1_001045.1	680.0	300
4196at93133	Complete	_CM001198.1_000978.1	734.0	383
4202at93133	Complete	_CM001200.1_000731.1	1418.4	629
4206at93133	Complete	_CM001204.1_000617.1	1195.1	554
4227at93133	Complete	_CM001203.1_000638.1	255.6	115
4234at93133	Complete	_CM001198.1_000974.1	634.2	290
4242at93133	Complete	_CM001203.1_000425.1	144.6	103
4252at93133	Complete	_CM001200.1_000647.1	718.9	318
4305at93133	Complete	_CM001199.1_000727.1	342.1	180
4342at93133	Complete	_CM001206.1_000467.1	919.0	467
438at93133	Complete	_CM001203.1_000129.1	179.1	94
4391at93133	Complete	_CM001204.1_000588.1	201.0	97
4395at93133	Complete	_CM001196.1_002116.1	977.3	450
4411at93133	Complete	_CM001202.1_000013.1	560.1	322
4426at93133	Complete	_CM001200.1_000602.1	149.7	72
4433at93133	Complete	_CM001197.1_001326.1	255.6	126
4434at93133	Complete	_CM001203.1_000577.1	808.1	481
4440at93133	Complete	_CM001205.1_000403.1	609.9	429
4457at93133	Complete	_CM001201.1_000515.1	410.6	186
446at93133	Complete	_CM001201.1_000605.1	500.6	219
4491at93133	Complete	_CM001201.1_000669.1	1786.8	802
4500at93133	Complete	_CM001206.1_000557.1	1500.6	780
4516at93133	Complete	_CM001205.1_000431.1	842.5	353
4557at93133	Complete	_CM001200.1_000659.1	402.2	204
4573at93133	Complete	_CM001198.1_001279.1	813.6	410
4585at93133	Complete	_CM001204.1_000632.1	420.9	226
4627at93133	Complete	_CM001198.1_001027.1	894.1	418
4628at93133	Complete	_CM001206.1_000234.1	718.4	353
4633at93133	Complete	_CM001199.1_001071.1	753.0	354
4639at93133	Complete	_CM001196.1_002178.1	625.8	314
4648at93133	Complete	_CM001196.1_001638.1	492.2	284
4677at93133	Complete	_CM001199.1_000547.1	180.5	140
4679at93133	Complete	_CM001201.1_000733.1	1201.7	564
4698at93133	Complete	_CM001205.1_000577.1	831.8	365
4761at93133	Complete	_CM001208.1_000364.1	1326.9	642
4770at93133	Complete	_CM001196.1_001298.1	1082.9	548
4784at93133	Complete	_CM001207.1_000438.1	1009.1	451
4788at93133	Complete	_CM001198.1_001222.1	1318.2	602
478at93133	Complete	_CM001196.1_001643.1	266.7	120
4808at93133	Complete	_CM001198.1_000938.1	1831.4	832
4817at93133	Complete	_CM001203.1_000641.1	989.8	434
4844at93133	Complete	_CM001203.1_000763.1	1964.1	942
4854at93133	Complete	_CM001198.1_001170.1	258.0	129
4879at93133	Complete	_CM001199.1_000292.1	140.7	70
488at93133	Complete	_CM001196.1_002286.1	197.6	86
4892at93133	Complete	_CM001199.1_000215.1	491.0	255
4907at93133	Complete	_CM001206.1_000477.1	602.6	333
4921at93133	Complete	_CM001198.1_001039.1	194.2	119
4922at93133	Complete	_CM001203.1_000632.1	633.3	301
4935at93133	Complete	_CM001204.1_000701.1	1550.8	795
493at93133	Complete	_CM001203.1_000241.1	487.3	251
4998at93133	Complete	_CM001203.1_000003.1	209.5	103
5005at93133	Complete	_CM001196.1_001588.1	328.1	166
5020at93133	Complete	_CM001201.1_000707.1	837.6	352
5052at93133	Complete	_CM001198.1_000926.1	938.9	431
5088at93133	Complete	_CM001196.1_002064.1	1260.7	649
5099at93133	Complete	_CM001202.1_001073.1	1003.4	489
5112at93133	Complete	_CM001197.1_001223.1	1229.3	577
5118at93133	Complete	_CM001199.1_000745.1	817.2	397
5141at93133	Complete	_CM001198.1_000108.1	758.2	403
5173at93133	Complete	_CM001204.1_000492.1	2040.7	972
5177at93133	Complete	_CM001202.1_001000.1	528.4	231
517at93133	Complete	_CM001198.1_000672.1	834.7	396
5194at93133	Complete	_CM001201.1_000828.1	657.0	327
5198at93133	Complete	_CM001202.1_000781.1	766.2	350
5221at93133	Complete	_CM001198.1_000972.1	684.1	377
5232at93133	Complete	_CM001200.1_000565.1	1500.6	711
5269at93133	Complete	_CM001199.1_000118.1	1251.8	551
5273at93133	Complete	_CM001204.1_000678.1	661.1	323
528at93133	Complete	_CM001199.1_000679.1	317.4	165
5316at93133	Complete	_CM001206.1_000551.1	904.0	475
5322at93133	Complete	_CM001205.1_000615.1	990.2	475
5331at93133	Complete	_CM001199.1_000863.1	890.3	454
5351at93133	Complete	_CM001201.1_000764.1	675.1	336
5375at93133	Complete	_CM001197.1_001052.1	207.1	119
539at93133	Complete	_CM001197.1_001086.1	810.7	400
5406at93133	Complete	_CM001201.1_000731.1	1240.3	578
5409at93133	Complete	_CM001196.1_001947.1	913.4	479
5428at93133	Complete	_CM001196.1_001851.1	589.8	323
5432at93133	Complete	_CM001197.1_001089.1	1238.0	578
5434at93133	Complete	_CM001198.1_001137.1	749.6	359
5533at93133	Complete	_CM001198.1_001189.1	1035.0	501
557at93133	Complete	_CM001206.1_000408.1	257.5	119
559at93133	Complete	_CM001208.1_000367.1	584.8	268
5647at93133	Complete	_CM001202.1_001054.1	1600.2	689
5693at93133	Complete	_CM001200.1_000746.1	402.1	198
56at93133	Complete	_CM001196.1_002400.1	448.5	203
5710at93133	Complete	_CM001196.1_001600.1	676.6	328
5712at93133	Complete	_CM001196.1_002143.1	671.6	391
5747at93133	Complete	_CM001197.1_001277.1	783.6	381
5764at93133	Complete	_CM001207.1_000030.1	579.8	297
5767at93133	Complete	_CM001202.1_000867.1	788.5	367
5819at93133	Complete	_CM001202.1_000952.1	1058.4	571
5824at93133	Complete	_CM001198.1_000847.1	1266.5	584
5840at93133	Complete	_CM001206.1_000352.1	690.9	338
5874at93133	Complete	_CM001199.1_000833.1	1074.3	501
5881at93133	Complete	_CM001198.1_001208.1	1869.1	885
590at93133	Complete	_CM001201.1_000718.1	177.5	84
5922at93133	Complete	_CM001196.1_001776.1	520.5	250
5924at93133	Complete	_CM001198.1_001314.1	832.2	427
5938at93133	Complete	_CM001197.1_001073.1	933.8	517
5958at93133	Complete	_CM001196.1_001569.1	963.7	494
5961at93133	Complete	_CM001204.1_000669.1	935.4	607
5988at93133	Complete	_CM001203.1_000860.1	593.0	317
6012at93133	Complete	_CM001196.1_001609.1	648.8	324
6013at93133	Complete	_CM001198.1_001305.1	4250.4	1851
605at93133	Complete	_CM001200.1_000707.1	319.6	140
6095at93133	Complete	_CM001196.1_001132.1	1054.7	437
6140at93133	Complete	_CM001203.1_000626.1	703.7	328
6167at93133	Complete	_CM001196.1_001566.1	894.0	420
6170at93133	Complete	_CM001206.1_000604.1	538.1	309
6172at93133	Complete	_CM001197.1_001231.1	600.2	278
619at93133	Complete	_CM001200.1_000943.1	862.7	384
6204at93133	Complete	_CM001201.1_000528.1	207.1	100
6217at93133	Complete	_CM001197.1_000967.1	172.5	84
6223at93133	Complete	_CM001206.1_000405.1	228.4	105
622at93133	Complete	_CM001205.1_000592.1	282.5	136
6255at93133	Complete	_CM001199.1_000732.1	387.0	242
627at93133	Complete	_CM001196.1_000518.1	205.0	102
628at93133	Complete	_CM001203.1_000716.1	903.0	421
6314at93133	Complete	_CM001197.1_000837.1	1327.2	739
6321at93133	Complete	_CM001201.1_000842.1	442.3	286
6337at93133	Complete	_CM001201.1_000471.1	2205.7	1033
6368at93133	Complete	_CM001199.1_000691.1	1025.2	487
6373at93133	Complete	_CM001200.1_000664.1	629.1	285
6374at93133	Complete	_CM001207.1_000347.1	270.7	131
6378at93133	Complete	_CM001196.1_000564.1	636.0	322
6405at93133	Complete	_CM001196.1_001915.1	969.2	502
6415at93133	Complete	_CM001199.1_000994.1	726.0	370
6419at93133	Complete	_CM001205.1_000264.1	680.7	342
6423at93133	Complete	_CM001206.1_000556.1	1016.2	482
6427at93133	Complete	_CM001196.1_000755.1	598.5	317
6477at93133	Complete	_CM001196.1_001824.1	408.6	199
6480at93133	Complete	_CM001203.1_000571.1	716.1	663
6524at93133	Complete	_CM001205.1_000411.1	1034.0	513
6549at93133	Complete	_CM001198.1_000826.1	642.7	294
6555at93133	Complete	_CM001203.1_000556.1	594.4	291
658at93133	Complete	_CM001203.1_000787.1	183.2	84
6598at93133	Complete	_CM001201.1_000159.1	316.2	187
6617at93133	Complete	_CM001205.1_000469.1	730.1	385
6634at93133	Complete	_CM001204.1_000671.1	331.0	167
6659at93133	Complete	_CM001197.1_000969.1	616.5	272
666at93133	Complete	_CM001203.1_000701.1	781.1	348
6685at93133	Complete	_CM001198.1_000794.1	716.2	363
6686at93133	Complete	_CM001198.1_001317.1	291.0	152
6693at93133	Complete	_CM001204.1_000634.1	715.9	362
670at93133	Complete	_CM001199.1_000860.1	639.9	310
6752at93133	Complete	_CM001204.1_000616.1	700.2	334
6757at93133	Complete	_CM001196.1_001936.1	811.1	371
6773at93133	Complete	_CM001197.1_000842.1	558.9	500
67at93133	Complete	_CM001198.1_000894.1	818.1	414
6814at93133	Complete	_CM001199.1_000824.1	595.9	290
6822at93133	Complete	_CM001198.1_000259.1	408.9	221
6851at93133	Complete	_CM001196.1_000009.1	728.6	335
6855at93133	Complete	_CM001196.1_001353.1	172.7	88
685at93133	Complete	_CM001204.1_000651.1	905.6	440
6869at93133	Complete	_CM001203.1_000715.1	480.0	229
6871at93133	Complete	_CM001199.1_000921.1	473.0	233
6883at93133	Complete	_CM001207.1_000274.1	1725.1	830
6885at93133	Complete	_CM001200.1_000989.1	214.4	117
6916at93133	Complete	_CM001198.1_001205.1	572.3	296
6960at93133	Complete	_CM001199.1_000739.1	1945.5	975
6972at93133	Complete	_CM001206.1_000422.1	460.3	247
702at93133	Complete	_CM001199.1_000470.1	504.2	250
7040at93133	Complete	_CM001197.1_000896.1	1985.6	1201
7159at93133	Complete	_CM001199.1_000543.1	672.9	316
7179at93133	Complete	_CM001202.1_001037.1	443.2	203
7259at93133	Complete	_CM001199.1_000897.1	968.1	443
727at93133	Complete	_CM001196.1_002251.1	448.6	229
7287at93133	Complete	_CM001199.1_000169.1	386.8	229
7299at93133	Complete	_CM001196.1_000583.1	750.7	369
7309at93133	Complete	_CM001196.1_001821.1	658.2	316
733at93133	Complete	_CM001204.1_000601.1	195.7	105
7350at93133	Complete	_CM001203.1_000845.1	695.9	344
7352at93133	Complete	_CM001196.1_001420.1	939.9	449
7373at93133	Complete	_CM001200.1_000292.1	947.8	507
7421at93133	Complete	_CM001208.1_000240.1	977.6	506
7437at93133	Complete	_CM001198.1_001177.1	1193.9	631
7491at93133	Complete	_CM001201.1_000333.1	1028.8	491
7493at93133	Complete	_CM001203.1_000675.1	662.8	325
7495at93133	Complete	_CM001207.1_000529.1	473.2	243
750at93133	Complete	_CM001197.1_000013.1	810.0	433
7510at93133	Complete	_CM001196.1_001806.1	218.1	116
7524at93133	Complete	_CM001203.1_000599.1	373.6	165
7530at93133	Complete	_CM001203.1_000647.1	1169.3	577
7550at93133	Complete	_CM001203.1_000660.1	762.8	379
7551at93133	Complete	_CM001199.1_000673.1	798.6	371
7558at93133	Complete	_CM001196.1_001011.1	559.3	277
7575at93133	Complete	_CM001198.1_001216.1	2362.8	1049
7580at93133	Complete	_CM001203.1_000491.1	1123.1	550
7584at93133	Complete	_CM001196.1_001461.1	567.7	262
7585at93133	Complete	_CM001203.1_000731.1	379.9	181
7587at93133	Complete	_CM001199.1_000635.1	1034.7	520
7592at93133	Complete	_CM001204.1_000104.1	1032.2	487
7595at93133	Complete	_CM001198.1_000888.1	227.1	125
760at93133	Complete	_CM001198.1_000230.1	256.8	152
7665at93133	Complete	_CM001200.1_000881.1	913.7	454
767at93133	Complete	_CM001206.1_000625.1	503.2	256
7682at93133	Complete	_CM001198.1_000900.1	544.2	301
7699at93133	Complete	_CM001198.1_000763.1	267.8	143
7705at93133	Complete	_CM001207.1_000222.1	833.2	399
7740at93133	Complete	_CM001206.1_000491.1	365.0	211
774at93133	Complete	_CM001201.1_000468.1	323.5	144
7786at93133	Complete	_CM001196.1_002326.1	586.4	284
7796at93133	Complete	_CM001201.1_000539.1	1149.0	492
7816at93133	Complete	_CM001196.1_001850.1	662.9	356
783at93133	Complete	_CM001196.1_001594.1	325.6	146
784at93133	Complete	_CM001203.1_000474.1	372.6	177
7863at93133	Complete	_CM001206.1_000570.1	968.6	461
7881at93133	Complete	_CM001196.1_001449.1	1309.8	668
7904at93133	Complete	_CM001198.1_001087.1	606.1	291
7951at93133	Complete	_CM001201.1_000365.1	1751.1	778
7963at93133	Complete	_CM001196.1_002044.1	546.2	392
7968at93133	Complete	_CM001205.1_000168.1	980.8	531
8033at93133	Complete	_CM001197.1_000854.1	1020.3	511
8039at93133	Complete	_CM001201.1_000572.1	677.2	433
8098at93133	Complete	_CM001196.1_000126.1	242.7	133
8100at93133	Complete	_CM001198.1_000829.1	1943.7	920
8101at93133	Complete	_CM001196.1_002169.1	846.8	365
8109at93133	Complete	_CM001197.1_001327.1	289.8	147
8122at93133	Complete	_CM001199.1_000668.1	1226.0	601
8134at93133	Complete	_CM001196.1_001942.1	830.3	435
8139at93133	Complete	_CM001196.1_001797.1	995.6	489
815at93133	Complete	_CM001196.1_001631.1	1498.3	642
8194at93133	Complete	_CM001196.1_001721.1	1076.0	473
8204at93133	Complete	_CM001199.1_000896.1	1062.9	478
8213at93133	Complete	_CM001197.1_000928.1	1847.8	869
8220at93133	Complete	_CM001206.1_000329.1	981.2	439
8221at93133	Complete	_CM001208.1_000338.1	705.1	366
8259at93133	Complete	_CM001200.1_000606.1	501.2	259
8286at93133	Complete	_CM001206.1_000600.1	959.1	435
8295at93133	Complete	_CM001200.1_000825.1	805.8	384
8298at93133	Complete	_CM001197.1_000898.1	993.4	483
8306at93133	Complete	_CM001196.1_002320.1	686.5	331
8323at93133	Complete	_CM001200.1_000882.1	1708.3	891
8333at93133	Complete	_CM001197.1_001128.1	955.5	464
8345at93133	Complete	_CM001196.1_001463.1	841.9	394
8354at93133	Complete	_CM001199.1_000820.1	1139.7	582
835at93133	Complete	_CM001198.1_000037.1	459.2	251
8375at93133	Complete	_CM001197.1_000963.1	482.5	249
8381at93133	Complete	_CM001197.1_000487.1	1009.4	544
8391at93133	Complete	_CM001208.1_000137.1	288.8	143
8397at93133	Complete	_CM001197.1_001029.1	996.1	458
8413at93133	Complete	_CM001204.1_000580.1	789.6	350
8419at93133	Complete	_CM001208.1_000312.1	538.8	305
8430at93133	Complete	_CM001203.1_000650.1	426.3	206
8463at93133	Complete	_CM001197.1_001130.1	749.0	366
8473at93133	Complete	_CM001200.1_000727.1	408.1	212
8478at93133	Complete	_CM001197.1_001195.1	1895.1	981
8505at93133	Complete	_CM001198.1_000884.1	1068.1	520
8510at93133	Complete	_CM001196.1_001220.1	1150.4	564
8521at93133	Complete	_CM001196.1_000211.1	1039.7	535
8533at93133	Complete	_CM001200.1_000236.1	295.6	162
8536at93133	Complete	_CM001196.1_001658.1	768.6	384
8570at93133	Complete	_CM001207.1_000485.1	934.7	617
8588at93133	Complete	_CM001204.1_000516.1	1425.8	654
8594at93133	Complete	_CM001196.1_002085.1	292.7	141
8602at93133	Complete	_CM001196.1_001704.1	1387.8	643
8634at93133	Complete	_CM001196.1_002278.1	2045.4	1056
8668at93133	Complete	_CM001197.1_000830.1	457.7	236
8671at93133	Complete	_CM001196.1_001514.1	640.0	305
8682at93133	Complete	_CM001196.1_001243.1	1609.6	843
8689at93133	Complete	_CM001201.1_000679.1	1087.8	518
8716at93133	Complete	_CM001200.1_000784.1	245.7	117
8726at93133	Complete	_CM001196.1_001554.1	417.4	198
8741at93133	Complete	_CM001196.1_001571.1	1350.6	631
8759at93133	Complete	_CM001203.1_000616.1	408.2	210
8775at93133	Complete	_CM001196.1_001374.1	421.4	192
8787at93133	Complete	_CM001207.1_000392.1	726.1	410
8799at93133	Complete	_CM001198.1_001283.1	327.6	184
8810at93133	Complete	_CM001198.1_000260.1	719.4	321
8814at93133	Complete	_CM001200.1_000835.1	935.6	544
8832at93133	Complete	_CM001196.1_001294.1	497.0	217
8868at93133	Complete	_CM001197.1_001003.1	533.5	272
8871at93133	Complete	_CM001203.1_000580.1	1186.9	588
8881at93133	Complete	_CM001197.1_000877.1	990.9	491
8887at93133	Complete	_CM001203.1_000818.1	2280.4	1215
88at93133	Complete	_CM001203.1_000674.1	608.2	312
8920at93133	Complete	_CM001200.1_000793.1	429.1	259
892at93133	Complete	_CM001196.1_001981.1	361.7	151
8941at93133	Complete	_CM001200.1_000834.1	569.8	294
8949at93133	Complete	_CM001196.1_001925.1	873.3	402
8969at93133	Complete	_CM001198.1_000315.1	870.1	488
8972at93133	Complete	_CM001197.1_001001.1	507.0	265
8986at93133	Complete	_CM001203.1_000100.1	1303.8	614
8991at93133	Complete	_CM001206.1_000447.1	532.1	274
8999at93133	Complete	_CM001206.1_000631.1	490.3	275
900at93133	Complete	_CM001206.1_000512.1	748.7	441
9013at93133	Complete	_CM001196.1_001812.1	1109.9	558
9017at93133	Complete	_CM001206.1_000515.1	992.8	489
9137at93133	Complete	_CM001201.1_000428.1	1304.1	627
9144at93133	Complete	_CM001197.1_001131.1	749.6	411
9168at93133	Complete	_CM001197.1_001287.1	616.2	296
916at93133	Complete	_CM001205.1_000500.1	905.2	375
9181at93133	Complete	_CM001198.1_001123.1	319.4	177
9185at93133	Complete	_CM001197.1_000918.1	847.4	418
9236at93133	Complete	_CM001197.1_001448.1	596.9	275
926at93133	Complete	_CM001204.1_000607.1	500.9	248
9271at93133	Complete	_CM001197.1_000712.1	638.0	328
92at93133	Complete	_CM001202.1_000768.1	3492.3	1552
9305at93133	Complete	_CM001198.1_001291.1	1043.8	549
930at93133	Complete	_CM001200.1_000962.1	2352.1	1040
9332at93133	Complete	_CM001207.1_000418.1	772.9	399
9358at93133	Complete	_CM001196.1_001277.1	434.4	224
9376at93133	Complete	_CM001201.1_000819.1	734.2	355
9379at93133	Complete	_CM001200.1_000663.1	944.2	461
9380at93133	Complete	_CM001203.1_000795.1	865.8	413
9381at93133	Complete	_CM001197.1_000935.1	1465.5	875
9406at93133	Complete	_CM001202.1_000804.1	1066.4	481
9428at93133	Complete	_CM001200.1_000777.1	394.5	228
9456at93133	Complete	_CM001200.1_000702.1	1364.1	633
9461at93133	Complete	_CM001203.1_000097.1	574.0	326
9484at93133	Complete	_CM001203.1_000439.1	645.4	315
948at93133	Complete	_CM001197.1_001392.1	988.2	512
94at93133	Complete	_CM001197.1_000938.1	1642.0	710
9575at93133	Complete	_CM001198.1_000917.1	684.9	534
9580at93133	Complete	_CM001204.1_000619.1	762.1	417
9597at93133	Complete	_CM001196.1_001506.1	445.3	235
962at93133	Complete	_CM001208.1_000365.1	312.0	146
9636at93133	Complete	_CM001200.1_000732.1	206.1	106
9654at93133	Complete	_CM001197.1_001162.1	582.2	333
968at93133	Complete	_CM001205.1_000369.1	337.9	166
9692at93133	Complete	_CM001203.1_000846.1	803.7	448
9694at93133	Complete	_CM001206.1_000598.1	363.6	184
9702at93133	Complete	_CM001203.1_000586.1	1311.7	636
9711at93133	Complete	_CM001199.1_000759.1	1098.8	493
9727at93133	Complete	_CM001196.1_001616.1	760.6	370
9736at93133	Complete	_CM001199.1_000844.1	746.3	357
9765at93133	Complete	_CM001199.1_000999.1	891.4	442
976at93133	Complete	_CM001201.1_000756.1	333.5	149
9775at93133	Complete	_CM001198.1_000436.1	1312.2	660
9801at93133	Complete	_CM001204.1_000567.1	1144.8	549
9825at93133	Complete	_CM001196.1_001584.1	1773.8	846
9828at93133	Complete	_CM001204.1_000418.1	1041.9	516
9854at93133	Complete	_CM001197.1_001072.1	2085.5	928
9915at93133	Complete	_CM001202.1_000905.1	384.8	227
9920at93133	Complete	_CM001204.1_000464.1	492.6	262
9929at93133	Complete	_CM001196.1_001529.1	887.7	394
9980at93133	Complete	_CM001206.1_000639.1	1089.2	556
9982at93133	Complete	_CM001197.1_001025.1	358.4	171
9990at93133	Complete	_CM001198.1_000975.1	515.4	266
